Product Title,Price,Product Link
Funny Data Analyst For Men Software Engineering Scientist T-Shirt,21.99,https://www.amazon.com//sspa/click?ie=UTF8&spc=MToyOTM1MTYwOTEzNzE5MzMwOjE3NDA5NTAzNzM6c3BfYXRmOjIwMDA5MDQ0MjMxMTcxMTo6MDo6&url=%2FData-Analyst-Software-Engineering-Scientist%2Fdp%2FB09BVYRCLB%2Fref%3Dsr_1_1_sspa%3Fcrid%3DM7SWQ9FKTZG9%26dib%3DeyJ2IjoiMSJ9.PM2zhQFx_lfPnddZwr05Dh2kKIJiLMVVwxBIXUeMl_Y8VpgYKh2ElOifFAUbi1_S_kZX4tMl5av4G8H-zhuLG3KN1zXYAwdu-FGlCLTUMLs1zBW-8Zf3WtugvxTIg-eRBHyvhW4LLXwgmSWRYDXgsLQ11-ecKKlgkUE0B7Sxzu2zO2eOLk-3Q0lDSU4b5JN9xiiXJg_wYv41tmK6GBZHIp8IvV4S73vSTB_Jz93dMi2mMa2V4Gg864ifN5t-gCVb6sgWXBDgnZJJNIyzVRszqd1yQ0aOfS69-D_9cwXfPo8.s2Bc2Ouj-jWs-amLRzBHLiZb_ppcCZdij10Mh1Vx_n4%26dib_tag%3Dse%26keywords%3Ddata%252Banalyst%252Btshirt%26qid%3D1740950373%26sprefix%3Ddata%252Banalyst%252Btshirt%252Caps%252C121%26sr%3D8-1-spons%26xpid%3D8-6USGCdPy3cd%26sp_csd%3Dd2lkZ2V0TmFtZT1zcF9hdGY%26psc%3D1
That Wasn't Very Data Driven of You Data Analyst Funny Cat T-Shirt,17.99,https://www.amazon.com//sspa/click?ie=UTF8&spc=MToyOTM1MTYwOTEzNzE5MzMwOjE3NDA5NTAzNzM6c3BfYXRmOjMwMDY0NjkzMTYxNzkwMjo6MDo6&url=%2FWasnt-Data-Driven-Analyst-T-Shirt%2Fdp%2FB0DTZ5Q175%2Fref%3Dsr_1_2_sspa%3Fcrid%3DM7SWQ9FKTZG9%26dib%3DeyJ2IjoiMSJ9.PM2zhQFx_lfPnddZwr05Dh2kKIJiLMVVwxBIXUeMl_Y8VpgYKh2ElOifFAUbi1_S_kZX4tMl5av4G8H-zhuLG3KN1zXYAwdu-FGlCLTUMLs1zBW-8Zf3WtugvxTIg-eRBHyvhW4LLXwgmSWRYDXgsLQ11-ecKKlgkUE0B7Sxzu2zO2eOLk-3Q0lDSU4b5JN9xiiXJg_wYv41tmK6GBZHIp8IvV4S73vSTB_Jz93dMi2mMa2V4Gg864ifN5t-gCVb6sgWXBDgnZJJNIyzVRszqd1yQ0aOfS69-D_9cwXfPo8.s2Bc2Ouj-jWs-amLRzBHLiZb_ppcCZdij10Mh1Vx_n4%26dib_tag%3Dse%26keywords%3Ddata%252Banalyst%252Btshirt%26qid%3D1740950373%26sprefix%3Ddata%252Banalyst%252Btshirt%252Caps%252C121%26sr%3D8-2-spons%26xpid%3D8-6USGCdPy3cd%26sp_csd%3Dd2lkZ2V0TmFtZT1zcF9hdGY%26psc%3D1
That Wasn't Very Data Driven of You Funny Data Analyst T-Shirt,16.97,https://www.amazon.com//sspa/click?ie=UTF8&spc=MToyOTM1MTYwOTEzNzE5MzMwOjE3NDA5NTAzNzM6c3BfYXRmOjMwMDU1NTQ4NjAyODMwMjo6MDo6&url=%2FThat-Wasnt-Very-Data-Driven%2Fdp%2FB0DK8131V5%2Fref%3Dsr_1_3_sspa%3Fcrid%3DM7SWQ9FKTZG9%26dib%3DeyJ2IjoiMSJ9.PM2zhQFx_lfPnddZwr05Dh2kKIJiLMVVwxBIXUeMl_Y8VpgYKh2ElOifFAUbi1_S_kZX4tMl5av4G8H-zhuLG3KN1zXYAwdu-FGlCLTUMLs1zBW-8Zf3WtugvxTIg-eRBHyvhW4LLXwgmSWRYDXgsLQ11-ecKKlgkUE0B7Sxzu2zO2eOLk-3Q0lDSU4b5JN9xiiXJg_wYv41tmK6GBZHIp8IvV4S73vSTB_Jz93dMi2mMa2V4Gg864ifN5t-gCVb6sgWXBDgnZJJNIyzVRszqd1yQ0aOfS69-D_9cwXfPo8.s2Bc2Ouj-jWs-amLRzBHLiZb_ppcCZdij10Mh1Vx_n4%26dib_tag%3Dse%26keywords%3Ddata%252Banalyst%252Btshirt%26qid%3D1740950373%26sprefix%3Ddata%252Banalyst%252Btshirt%252Caps%252C121%26sr%3D8-3-spons%26xpid%3D8-6USGCdPy3cd%26sp_csd%3Dd2lkZ2V0TmFtZT1zcF9hdGY%26psc%3D1
Data Analyst Definition Data Scientist Data Science Expert T-Shirt,19.99,https://www.amazon.com//sspa/click?ie=UTF8&spc=MToyOTM1MTYwOTEzNzE5MzMwOjE3NDA5NTAzNzM6c3BfYXRmOjMwMDE1OTQ2Mjk0MDIwMjo6MDo6&url=%2FData-Analyst-Definition-Scientist-Expert%2Fdp%2FB0CVTSG4BB%2Fref%3Dsr_1_4_sspa%3Fcrid%3DM7SWQ9FKTZG9%26dib%3DeyJ2IjoiMSJ9.PM2zhQFx_lfPnddZwr05Dh2kKIJiLMVVwxBIXUeMl_Y8VpgYKh2ElOifFAUbi1_S_kZX4tMl5av4G8H-zhuLG3KN1zXYAwdu-FGlCLTUMLs1zBW-8Zf3WtugvxTIg-eRBHyvhW4LLXwgmSWRYDXgsLQ11-ecKKlgkUE0B7Sxzu2zO2eOLk-3Q0lDSU4b5JN9xiiXJg_wYv41tmK6GBZHIp8IvV4S73vSTB_Jz93dMi2mMa2V4Gg864ifN5t-gCVb6sgWXBDgnZJJNIyzVRszqd1yQ0aOfS69-D_9cwXfPo8.s2Bc2Ouj-jWs-amLRzBHLiZb_ppcCZdij10Mh1Vx_n4%26dib_tag%3Dse%26keywords%3Ddata%252Banalyst%252Btshirt%26qid%3D1740950373%26sprefix%3Ddata%252Banalyst%252Btshirt%252Caps%252C121%26sr%3D8-4-spons%26xpid%3D8-6USGCdPy3cd%26sp_csd%3Dd2lkZ2V0TmFtZT1zcF9hdGY%26psc%3D1
Got Data Funny Business Data Analyst T-Shirt,15.99,https://www.amazon.com//Funny-Data-Systems-Business-Analyst/dp/B07FNW9FGJ/ref=sr_1_5?crid=M7SWQ9FKTZG9&dib=eyJ2IjoiMSJ9.PM2zhQFx_lfPnddZwr05Dh2kKIJiLMVVwxBIXUeMl_Y8VpgYKh2ElOifFAUbi1_S_kZX4tMl5av4G8H-zhuLG3KN1zXYAwdu-FGlCLTUMLs1zBW-8Zf3WtugvxTIg-eRBHyvhW4LLXwgmSWRYDXgsLQ11-ecKKlgkUE0B7Sxzu2zO2eOLk-3Q0lDSU4b5JN9xiiXJg_wYv41tmK6GBZHIp8IvV4S73vSTB_Jz93dMi2mMa2V4Gg864ifN5t-gCVb6sgWXBDgnZJJNIyzVRszqd1yQ0aOfS69-D_9cwXfPo8.s2Bc2Ouj-jWs-amLRzBHLiZb_ppcCZdij10Mh1Vx_n4&dib_tag=se&keywords=data%2Banalyst%2Btshirt&qid=1740950373&sprefix=data%2Banalyst%2Btshirt%2Caps%2C121&sr=8-5&xpid=8-6USGCdPy3cd
funny data analyst definition data scientist T-Shirt,19.99,https://www.amazon.com//funny-analyst-definition-scientist-t-shirt/dp/B07NLP2PKY/ref=sr_1_6?crid=M7SWQ9FKTZG9&dib=eyJ2IjoiMSJ9.PM2zhQFx_lfPnddZwr05Dh2kKIJiLMVVwxBIXUeMl_Y8VpgYKh2ElOifFAUbi1_S_kZX4tMl5av4G8H-zhuLG3KN1zXYAwdu-FGlCLTUMLs1zBW-8Zf3WtugvxTIg-eRBHyvhW4LLXwgmSWRYDXgsLQ11-ecKKlgkUE0B7Sxzu2zO2eOLk-3Q0lDSU4b5JN9xiiXJg_wYv41tmK6GBZHIp8IvV4S73vSTB_Jz93dMi2mMa2V4Gg864ifN5t-gCVb6sgWXBDgnZJJNIyzVRszqd1yQ0aOfS69-D_9cwXfPo8.s2Bc2Ouj-jWs-amLRzBHLiZb_ppcCZdij10Mh1Vx_n4&dib_tag=se&keywords=data%2Banalyst%2Btshirt&qid=1740950373&sprefix=data%2Banalyst%2Btshirt%2Caps%2C121&sr=8-6&xpid=8-6USGCdPy3cd
That Wasn't Very Data Driven of You Funny Data Analyst Geek T-Shirt,16.95,https://www.amazon.com//Data-Driven-Funny-Analyst-T-Shirt/dp/B0DJ7Y7WD2/ref=sr_1_7?crid=M7SWQ9FKTZG9&dib=eyJ2IjoiMSJ9.PM2zhQFx_lfPnddZwr05Dh2kKIJiLMVVwxBIXUeMl_Y8VpgYKh2ElOifFAUbi1_S_kZX4tMl5av4G8H-zhuLG3KN1zXYAwdu-FGlCLTUMLs1zBW-8Zf3WtugvxTIg-eRBHyvhW4LLXwgmSWRYDXgsLQ11-ecKKlgkUE0B7Sxzu2zO2eOLk-3Q0lDSU4b5JN9xiiXJg_wYv41tmK6GBZHIp8IvV4S73vSTB_Jz93dMi2mMa2V4Gg864ifN5t-gCVb6sgWXBDgnZJJNIyzVRszqd1yQ0aOfS69-D_9cwXfPo8.s2Bc2Ouj-jWs-amLRzBHLiZb_ppcCZdij10Mh1Vx_n4&dib_tag=se&keywords=data%2Banalyst%2Btshirt&qid=1740950373&sprefix=data%2Banalyst%2Btshirt%2Caps%2C121&sr=8-7&xpid=8-6USGCdPy3cd
Pi Day T Shirt Kids Mens Graphic Math School Days Novelty Teachers Funny T-Shirt,14.99,https://www.amazon.com//sspa/click?ie=UTF8&spc=MTo1NTg1MzMwMzA5ODQ1OTU6MTc0MDk1MDM3MzpzcF9zZWFyY2hfdGhlbWF0aWM6MjAwMDMyMTcwNzY4NjgxOjowOjo&url=%2FDelicious-Sarcastic-Humor-Funny-Graphic%2Fdp%2FB00NMFDQ2O%2Fref%3Dsxin_16_pa_sp_search_thematic_sspa%3Fcontent-id%3Damzn1.sym.eb3f6912-14ce-4b04-826b-7094fb405ad6%253Aamzn1.sym.eb3f6912-14ce-4b04-826b-7094fb405ad6%26crid%3DM7SWQ9FKTZG9%26cv_ct_cx%3Ddata%252Banalyst%252Btshirt%26keywords%3Ddata%252Banalyst%252Btshirt%26pd_rd_i%3DB00NMFDQ2O%26pd_rd_r%3Dc3bd1e0f-e74f-4ffc-a232-48113bd3c088%26pd_rd_w%3DFurcR%26pd_rd_wg%3D4IM32%26pf_rd_p%3Deb3f6912-14ce-4b04-826b-7094fb405ad6%26pf_rd_r%3DZK22065X185ZYKGEDXQS%26qid%3D1740950373%26sbo%3DRZvfv%252F%252FHxDF%252BO5021pAnSA%253D%253D%26sprefix%3Ddata%252Banalyst%252Btshirt%252Caps%252C121%26sr%3D1-1-183302c6-8dec-4386-8e58-6031e7be5ad8-spons%26xpid%3D8-6USGCdPy3cd%26sp_csd%3Dd2lkZ2V0TmFtZT1zcF9zZWFyY2hfdGhlbWF0aWM%26psc%3D1
Sarcasm Periodic Table Element Weird Science Joke Gift T-Shirt,19.95,https://www.amazon.com//sspa/click?ie=UTF8&spc=MTo1NTg1MzMwMzA5ODQ1OTU6MTc0MDk1MDM3MzpzcF9zZWFyY2hfdGhlbWF0aWM6MjAwMTE5MDg3MDYyNDk4OjoxOjo&url=%2FSarcasm-Periodic-Table-Element-Science%2Fdp%2FB07DMDK314%2Fref%3Dsxin_16_pa_sp_search_thematic_sspa%3Fcontent-id%3Damzn1.sym.eb3f6912-14ce-4b04-826b-7094fb405ad6%253Aamzn1.sym.eb3f6912-14ce-4b04-826b-7094fb405ad6%26crid%3DM7SWQ9FKTZG9%26cv_ct_cx%3Ddata%252Banalyst%252Btshirt%26keywords%3Ddata%252Banalyst%252Btshirt%26pd_rd_i%3DB07DMDK314%26pd_rd_r%3Dc3bd1e0f-e74f-4ffc-a232-48113bd3c088%26pd_rd_w%3DFurcR%26pd_rd_wg%3D4IM32%26pf_rd_p%3Deb3f6912-14ce-4b04-826b-7094fb405ad6%26pf_rd_r%3DZK22065X185ZYKGEDXQS%26qid%3D1740950373%26sbo%3DRZvfv%252F%252FHxDF%252BO5021pAnSA%253D%253D%26sprefix%3Ddata%252Banalyst%252Btshirt%252Caps%252C121%26sr%3D1-2-183302c6-8dec-4386-8e58-6031e7be5ad8-spons%26xpid%3D8-6USGCdPy3cd%26sp_csd%3Dd2lkZ2V0TmFtZT1zcF9zZWFyY2hfdGhlbWF0aWM%26psc%3D1
Never Forget Mens Cassette Tape VHS Gamer Old School Mens Very Funny T Shirt,14.99,https://www.amazon.com//sspa/click?ie=UTF8&spc=MTo1NTg1MzMwMzA5ODQ1OTU6MTc0MDk1MDM3MzpzcF9zZWFyY2hfdGhlbWF0aWM6MjAwMDE2MjgzMzA1OTgxOjoyOjo&url=%2FNever-Forget-Funny-Novelty-Charcoal%2Fdp%2FB00NMFDE3K%2Fref%3Dsxin_16_pa_sp_search_thematic_sspa%3Fcontent-id%3Damzn1.sym.eb3f6912-14ce-4b04-826b-7094fb405ad6%253Aamzn1.sym.eb3f6912-14ce-4b04-826b-7094fb405ad6%26crid%3DM7SWQ9FKTZG9%26cv_ct_cx%3Ddata%252Banalyst%252Btshirt%26keywords%3Ddata%252Banalyst%252Btshirt%26pd_rd_i%3DB00NMFDE3K%26pd_rd_r%3Dc3bd1e0f-e74f-4ffc-a232-48113bd3c088%26pd_rd_w%3DFurcR%26pd_rd_wg%3D4IM32%26pf_rd_p%3Deb3f6912-14ce-4b04-826b-7094fb405ad6%26pf_rd_r%3DZK22065X185ZYKGEDXQS%26qid%3D1740950373%26sbo%3DRZvfv%252F%252FHxDF%252BO5021pAnSA%253D%253D%26sprefix%3Ddata%252Banalyst%252Btshirt%252Caps%252C121%26sr%3D1-3-183302c6-8dec-4386-8e58-6031e7be5ad8-spons%26xpid%3D8-6USGCdPy3cd%26sp_csd%3Dd2lkZ2V0TmFtZT1zcF9zZWFyY2hfdGhlbWF0aWM%26psc%3D1
Star Wars Wrong Droids Funny Comic Disney+ T-Shirt,22.99,https://www.amazon.com//sspa/click?ie=UTF8&spc=MTo1NTg1MzMwMzA5ODQ1OTU6MTc0MDk1MDM3MzpzcF9zZWFyY2hfdGhlbWF0aWM6MjAwMDQxMjgyNDU2OTk4OjozOjo&url=%2FStar-Wars-Droids-Graphic-T-Shirt%2Fdp%2FB07KVJG144%2Fref%3Dsxin_16_pa_sp_search_thematic_sspa%3Fcontent-id%3Damzn1.sym.eb3f6912-14ce-4b04-826b-7094fb405ad6%253Aamzn1.sym.eb3f6912-14ce-4b04-826b-7094fb405ad6%26crid%3DM7SWQ9FKTZG9%26cv_ct_cx%3Ddata%252Banalyst%252Btshirt%26keywords%3Ddata%252Banalyst%252Btshirt%26pd_rd_i%3DB07KVJG144%26pd_rd_r%3Dc3bd1e0f-e74f-4ffc-a232-48113bd3c088%26pd_rd_w%3DFurcR%26pd_rd_wg%3D4IM32%26pf_rd_p%3Deb3f6912-14ce-4b04-826b-7094fb405ad6%26pf_rd_r%3DZK22065X185ZYKGEDXQS%26qid%3D1740950373%26sbo%3DRZvfv%252F%252FHxDF%252BO5021pAnSA%253D%253D%26sprefix%3Ddata%252Banalyst%252Btshirt%252Caps%252C121%26sr%3D1-4-183302c6-8dec-4386-8e58-6031e7be5ad8-spons%26xpid%3D8-6USGCdPy3cd%26sp_csd%3Dd2lkZ2V0TmFtZT1zcF9zZWFyY2hfdGhlbWF0aWM%26psc%3D1
Star Wars Funny Darth Vader and Boba Fett Comic T-Shirt,22.99,https://www.amazon.com//sspa/click?ie=UTF8&spc=MTo1NTg1MzMwMzA5ODQ1OTU6MTc0MDk1MDM3MzpzcF9zZWFyY2hfdGhlbWF0aWM6MjAwMTYwNzQ0NzY1NTk4Ojo0Ojo&url=%2FStar-Wars-Funny-Darth-T-Shirt%2Fdp%2FB07Z8S4FJL%2Fref%3Dsxin_16_pa_sp_search_thematic_sspa%3Fcontent-id%3Damzn1.sym.eb3f6912-14ce-4b04-826b-7094fb405ad6%253Aamzn1.sym.eb3f6912-14ce-4b04-826b-7094fb405ad6%26crid%3DM7SWQ9FKTZG9%26cv_ct_cx%3Ddata%252Banalyst%252Btshirt%26keywords%3Ddata%252Banalyst%252Btshirt%26pd_rd_i%3DB07Z8S4FJL%26pd_rd_r%3Dc3bd1e0f-e74f-4ffc-a232-48113bd3c088%26pd_rd_w%3DFurcR%26pd_rd_wg%3D4IM32%26pf_rd_p%3Deb3f6912-14ce-4b04-826b-7094fb405ad6%26pf_rd_r%3DZK22065X185ZYKGEDXQS%26qid%3D1740950373%26sbo%3DRZvfv%252F%252FHxDF%252BO5021pAnSA%253D%253D%26sprefix%3Ddata%252Banalyst%252Btshirt%252Caps%252C121%26sr%3D1-5-183302c6-8dec-4386-8e58-6031e7be5ad8-spons%26xpid%3D8-6USGCdPy3cd%26sp_csd%3Dd2lkZ2V0TmFtZT1zcF9zZWFyY2hfdGhlbWF0aWM%26psc%3D1
Data Over Opinion Data Statistics Analysis Data Science T-Shirt,17.99,https://www.amazon.com//Data-Opinion-Statistics-Analysis-Science/dp/B09PRK9C47/ref=sr_1_8?crid=M7SWQ9FKTZG9&dib=eyJ2IjoiMSJ9.PM2zhQFx_lfPnddZwr05Dh2kKIJiLMVVwxBIXUeMl_Y8VpgYKh2ElOifFAUbi1_S_kZX4tMl5av4G8H-zhuLG3KN1zXYAwdu-FGlCLTUMLs1zBW-8Zf3WtugvxTIg-eRBHyvhW4LLXwgmSWRYDXgsLQ11-ecKKlgkUE0B7Sxzu2zO2eOLk-3Q0lDSU4b5JN9xiiXJg_wYv41tmK6GBZHIp8IvV4S73vSTB_Jz93dMi2mMa2V4Gg864ifN5t-gCVb6sgWXBDgnZJJNIyzVRszqd1yQ0aOfS69-D_9cwXfPo8.s2Bc2Ouj-jWs-amLRzBHLiZb_ppcCZdij10Mh1Vx_n4&dib_tag=se&keywords=data%2Banalyst%2Btshirt&qid=1740950373&sprefix=data%2Banalyst%2Btshirt%2Caps%2C121&sr=8-8&xpid=8-6USGCdPy3cd
Data Analyst Shirt - Torture The Data T-Shirt,13.38,https://www.amazon.com//Data-Analyst-Shirt-Torture/dp/B07JGRW8GP/ref=sr_1_9?crid=M7SWQ9FKTZG9&dib=eyJ2IjoiMSJ9.PM2zhQFx_lfPnddZwr05Dh2kKIJiLMVVwxBIXUeMl_Y8VpgYKh2ElOifFAUbi1_S_kZX4tMl5av4G8H-zhuLG3KN1zXYAwdu-FGlCLTUMLs1zBW-8Zf3WtugvxTIg-eRBHyvhW4LLXwgmSWRYDXgsLQ11-ecKKlgkUE0B7Sxzu2zO2eOLk-3Q0lDSU4b5JN9xiiXJg_wYv41tmK6GBZHIp8IvV4S73vSTB_Jz93dMi2mMa2V4Gg864ifN5t-gCVb6sgWXBDgnZJJNIyzVRszqd1yQ0aOfS69-D_9cwXfPo8.s2Bc2Ouj-jWs-amLRzBHLiZb_ppcCZdij10Mh1Vx_n4&dib_tag=se&keywords=data%2Banalyst%2Btshirt&qid=1740950373&sprefix=data%2Banalyst%2Btshirt%2Caps%2C121&sr=8-9&xpid=8-6USGCdPy3cd
Data Or It Didnt Happen Data Analyst Data Scientist Present T-Shirt,16.99,https://www.amazon.com//Data-Didnt-Happen-Analyst-Scientist/dp/B0CWNBZH32/ref=sr_1_10?crid=M7SWQ9FKTZG9&dib=eyJ2IjoiMSJ9.PM2zhQFx_lfPnddZwr05Dh2kKIJiLMVVwxBIXUeMl_Y8VpgYKh2ElOifFAUbi1_S_kZX4tMl5av4G8H-zhuLG3KN1zXYAwdu-FGlCLTUMLs1zBW-8Zf3WtugvxTIg-eRBHyvhW4LLXwgmSWRYDXgsLQ11-ecKKlgkUE0B7Sxzu2zO2eOLk-3Q0lDSU4b5JN9xiiXJg_wYv41tmK6GBZHIp8IvV4S73vSTB_Jz93dMi2mMa2V4Gg864ifN5t-gCVb6sgWXBDgnZJJNIyzVRszqd1yQ0aOfS69-D_9cwXfPo8.s2Bc2Ouj-jWs-amLRzBHLiZb_ppcCZdij10Mh1Vx_n4&dib_tag=se&keywords=data%2Banalyst%2Btshirt&qid=1740950373&sprefix=data%2Banalyst%2Btshirt%2Caps%2C121&sr=8-10&xpid=8-6USGCdPy3cd
Funny Data Analyst For Men Software Engineering Scientist T-Shirt,21.99,https://www.amazon.com//Data-Analyst-Software-Engineering-Scientist/dp/B09BVYRCLB/ref=sr_1_11?crid=M7SWQ9FKTZG9&dib=eyJ2IjoiMSJ9.PM2zhQFx_lfPnddZwr05Dh2kKIJiLMVVwxBIXUeMl_Y8VpgYKh2ElOifFAUbi1_S_kZX4tMl5av4G8H-zhuLG3KN1zXYAwdu-FGlCLTUMLs1zBW-8Zf3WtugvxTIg-eRBHyvhW4LLXwgmSWRYDXgsLQ11-ecKKlgkUE0B7Sxzu2zO2eOLk-3Q0lDSU4b5JN9xiiXJg_wYv41tmK6GBZHIp8IvV4S73vSTB_Jz93dMi2mMa2V4Gg864ifN5t-gCVb6sgWXBDgnZJJNIyzVRszqd1yQ0aOfS69-D_9cwXfPo8.s2Bc2Ouj-jWs-amLRzBHLiZb_ppcCZdij10Mh1Vx_n4&dib_tag=se&keywords=data%2Banalyst%2Btshirt&qid=1740950373&sprefix=data%2Banalyst%2Btshirt%2Caps%2C121&sr=8-11&xpid=8-6USGCdPy3cd
Two Types Of People - Funny Data Science Statistics Analyst T-Shirt,19.99,https://www.amazon.com//Two-Types-People-Science-Statistics/dp/B09BSNZGBQ/ref=sr_1_12?crid=M7SWQ9FKTZG9&dib=eyJ2IjoiMSJ9.PM2zhQFx_lfPnddZwr05Dh2kKIJiLMVVwxBIXUeMl_Y8VpgYKh2ElOifFAUbi1_S_kZX4tMl5av4G8H-zhuLG3KN1zXYAwdu-FGlCLTUMLs1zBW-8Zf3WtugvxTIg-eRBHyvhW4LLXwgmSWRYDXgsLQ11-ecKKlgkUE0B7Sxzu2zO2eOLk-3Q0lDSU4b5JN9xiiXJg_wYv41tmK6GBZHIp8IvV4S73vSTB_Jz93dMi2mMa2V4Gg864ifN5t-gCVb6sgWXBDgnZJJNIyzVRszqd1yQ0aOfS69-D_9cwXfPo8.s2Bc2Ouj-jWs-amLRzBHLiZb_ppcCZdij10Mh1Vx_n4&dib_tag=se&keywords=data%2Banalyst%2Btshirt&qid=1740950373&sprefix=data%2Banalyst%2Btshirt%2Caps%2C121&sr=8-12&xpid=8-6USGCdPy3cd
Talk Data to me shirt for men Data analyst Data Scientist T-Shirt,16.99,https://www.amazon.com//Talk-Data-shirt-analyst-Scientist/dp/B07BNXCMC5/ref=sr_1_13?crid=M7SWQ9FKTZG9&dib=eyJ2IjoiMSJ9.PM2zhQFx_lfPnddZwr05Dh2kKIJiLMVVwxBIXUeMl_Y8VpgYKh2ElOifFAUbi1_S_kZX4tMl5av4G8H-zhuLG3KN1zXYAwdu-FGlCLTUMLs1zBW-8Zf3WtugvxTIg-eRBHyvhW4LLXwgmSWRYDXgsLQ11-ecKKlgkUE0B7Sxzu2zO2eOLk-3Q0lDSU4b5JN9xiiXJg_wYv41tmK6GBZHIp8IvV4S73vSTB_Jz93dMi2mMa2V4Gg864ifN5t-gCVb6sgWXBDgnZJJNIyzVRszqd1yQ0aOfS69-D_9cwXfPo8.s2Bc2Ouj-jWs-amLRzBHLiZb_ppcCZdij10Mh1Vx_n4&dib_tag=se&keywords=data%2Banalyst%2Btshirt&qid=1740950373&sprefix=data%2Banalyst%2Btshirt%2Caps%2C121&sr=8-13&xpid=8-6USGCdPy3cd
It's Just An Opinion T-Shirt,16.96,https://www.amazon.com//School-Psych-Data-Analyst-Without/dp/B0CL6PFJS9/ref=sr_1_14?crid=M7SWQ9FKTZG9&dib=eyJ2IjoiMSJ9.PM2zhQFx_lfPnddZwr05Dh2kKIJiLMVVwxBIXUeMl_Y8VpgYKh2ElOifFAUbi1_S_kZX4tMl5av4G8H-zhuLG3KN1zXYAwdu-FGlCLTUMLs1zBW-8Zf3WtugvxTIg-eRBHyvhW4LLXwgmSWRYDXgsLQ11-ecKKlgkUE0B7Sxzu2zO2eOLk-3Q0lDSU4b5JN9xiiXJg_wYv41tmK6GBZHIp8IvV4S73vSTB_Jz93dMi2mMa2V4Gg864ifN5t-gCVb6sgWXBDgnZJJNIyzVRszqd1yQ0aOfS69-D_9cwXfPo8.s2Bc2Ouj-jWs-amLRzBHLiZb_ppcCZdij10Mh1Vx_n4&dib_tag=se&keywords=data%2Banalyst%2Btshirt&qid=1740950373&sprefix=data%2Banalyst%2Btshirt%2Caps%2C121&sr=8-14&xpid=8-6USGCdPy3cd
"Data Nerd T-Shirt for Data Analysts, Scientists & Stem (HOT) T-Shirt",19.99,https://www.amazon.com//Data-Nerd-T-Shirt-Analysts-Scientists/dp/B07NWWSTQK/ref=sr_1_15?crid=M7SWQ9FKTZG9&dib=eyJ2IjoiMSJ9.PM2zhQFx_lfPnddZwr05Dh2kKIJiLMVVwxBIXUeMl_Y8VpgYKh2ElOifFAUbi1_S_kZX4tMl5av4G8H-zhuLG3KN1zXYAwdu-FGlCLTUMLs1zBW-8Zf3WtugvxTIg-eRBHyvhW4LLXwgmSWRYDXgsLQ11-ecKKlgkUE0B7Sxzu2zO2eOLk-3Q0lDSU4b5JN9xiiXJg_wYv41tmK6GBZHIp8IvV4S73vSTB_Jz93dMi2mMa2V4Gg864ifN5t-gCVb6sgWXBDgnZJJNIyzVRszqd1yQ0aOfS69-D_9cwXfPo8.s2Bc2Ouj-jWs-amLRzBHLiZb_ppcCZdij10Mh1Vx_n4&dib_tag=se&keywords=data%2Banalyst%2Btshirt&qid=1740950373&sprefix=data%2Banalyst%2Btshirt%2Caps%2C121&sr=8-15&xpid=8-6USGCdPy3cd
I Model - Data Science Statistics Analyst Data Modeling T-Shirt,19.99,https://www.amazon.com//Model-Science-Statistics-Analyst-Modeling/dp/B09BSTXC7J/ref=sr_1_16?crid=M7SWQ9FKTZG9&dib=eyJ2IjoiMSJ9.PM2zhQFx_lfPnddZwr05Dh2kKIJiLMVVwxBIXUeMl_Y8VpgYKh2ElOifFAUbi1_S_kZX4tMl5av4G8H-zhuLG3KN1zXYAwdu-FGlCLTUMLs1zBW-8Zf3WtugvxTIg-eRBHyvhW4LLXwgmSWRYDXgsLQ11-ecKKlgkUE0B7Sxzu2zO2eOLk-3Q0lDSU4b5JN9xiiXJg_wYv41tmK6GBZHIp8IvV4S73vSTB_Jz93dMi2mMa2V4Gg864ifN5t-gCVb6sgWXBDgnZJJNIyzVRszqd1yQ0aOfS69-D_9cwXfPo8.s2Bc2Ouj-jWs-amLRzBHLiZb_ppcCZdij10Mh1Vx_n4&dib_tag=se&keywords=data%2Banalyst%2Btshirt&qid=1740950373&sprefix=data%2Banalyst%2Btshirt%2Caps%2C121&sr=8-16&xpid=8-6USGCdPy3cd
Recovery - Sobriety Anniversary Sober AA NA T-Shirt,19.99,https://www.amazon.com//sspa/click?ie=UTF8&spc=MToyOTM1MTYwOTEzNzE5MzMwOjE3NDA5NTAzNzM6c3BfbXRmOjIwMDA3NTgxNjQzNzI5ODo6MDo6&url=%2FRecovery-Sobriety-Anniversary-Sober-T-Shirt%2Fdp%2FB0B4D4ZPLQ%2Fref%3Dsr_1_17_sspa%3Fcrid%3DM7SWQ9FKTZG9%26dib%3DeyJ2IjoiMSJ9.PM2zhQFx_lfPnddZwr05Dh2kKIJiLMVVwxBIXUeMl_Y8VpgYKh2ElOifFAUbi1_S_kZX4tMl5av4G8H-zhuLG3KN1zXYAwdu-FGlCLTUMLs1zBW-8Zf3WtugvxTIg-eRBHyvhW4LLXwgmSWRYDXgsLQ11-ecKKlgkUE0B7Sxzu2zO2eOLk-3Q0lDSU4b5JN9xiiXJg_wYv41tmK6GBZHIp8IvV4S73vSTB_Jz93dMi2mMa2V4Gg864ifN5t-gCVb6sgWXBDgnZJJNIyzVRszqd1yQ0aOfS69-D_9cwXfPo8.s2Bc2Ouj-jWs-amLRzBHLiZb_ppcCZdij10Mh1Vx_n4%26dib_tag%3Dse%26keywords%3Ddata%252Banalyst%252Btshirt%26qid%3D1740950373%26sprefix%3Ddata%252Banalyst%252Btshirt%252Caps%252C121%26sr%3D8-17-spons%26xpid%3D8-6USGCdPy3cd%26sp_csd%3Dd2lkZ2V0TmFtZT1zcF9tdGY%26psc%3D1
Data Or It Didnâ€™t Happen Big Data Analyst Coding T-Shirt,14.99,https://www.amazon.com//sspa/click?ie=UTF8&spc=MToyOTM1MTYwOTEzNzE5MzMwOjE3NDA5NTAzNzM6c3BfbXRmOjMwMDM3Mzg5NjE4MTgwMjo6MDo6&url=%2FData-Happen-Analyst-Coding-T-Shirt%2Fdp%2FB0DF2ZMCQX%2Fref%3Dsr_1_18_sspa%3Fcrid%3DM7SWQ9FKTZG9%26dib%3DeyJ2IjoiMSJ9.PM2zhQFx_lfPnddZwr05Dh2kKIJiLMVVwxBIXUeMl_Y8VpgYKh2ElOifFAUbi1_S_kZX4tMl5av4G8H-zhuLG3KN1zXYAwdu-FGlCLTUMLs1zBW-8Zf3WtugvxTIg-eRBHyvhW4LLXwgmSWRYDXgsLQ11-ecKKlgkUE0B7Sxzu2zO2eOLk-3Q0lDSU4b5JN9xiiXJg_wYv41tmK6GBZHIp8IvV4S73vSTB_Jz93dMi2mMa2V4Gg864ifN5t-gCVb6sgWXBDgnZJJNIyzVRszqd1yQ0aOfS69-D_9cwXfPo8.s2Bc2Ouj-jWs-amLRzBHLiZb_ppcCZdij10Mh1Vx_n4%26dib_tag%3Dse%26keywords%3Ddata%252Banalyst%252Btshirt%26qid%3D1740950373%26sprefix%3Ddata%252Banalyst%252Btshirt%252Caps%252C121%26sr%3D8-18-spons%26xpid%3D8-6USGCdPy3cd%26sp_csd%3Dd2lkZ2V0TmFtZT1zcF9tdGY%26psc%3D1
All You Need Is Love And Data Teacher T-Shirt,18.99,https://www.amazon.com//sspa/click?ie=UTF8&spc=MToyOTM1MTYwOTEzNzE5MzMwOjE3NDA5NTAzNzM6c3BfbXRmOjMwMDY0ODMyNTU1ODcwMjo6MDo6&url=%2FAll-Need-Love-Teacher-T-Shirt%2Fdp%2FB0DV4KSJ2D%2Fref%3Dsr_1_19_sspa%3Fcrid%3DM7SWQ9FKTZG9%26dib%3DeyJ2IjoiMSJ9.PM2zhQFx_lfPnddZwr05Dh2kKIJiLMVVwxBIXUeMl_Y8VpgYKh2ElOifFAUbi1_S_kZX4tMl5av4G8H-zhuLG3KN1zXYAwdu-FGlCLTUMLs1zBW-8Zf3WtugvxTIg-eRBHyvhW4LLXwgmSWRYDXgsLQ11-ecKKlgkUE0B7Sxzu2zO2eOLk-3Q0lDSU4b5JN9xiiXJg_wYv41tmK6GBZHIp8IvV4S73vSTB_Jz93dMi2mMa2V4Gg864ifN5t-gCVb6sgWXBDgnZJJNIyzVRszqd1yQ0aOfS69-D_9cwXfPo8.s2Bc2Ouj-jWs-amLRzBHLiZb_ppcCZdij10Mh1Vx_n4%26dib_tag%3Dse%26keywords%3Ddata%252Banalyst%252Btshirt%26qid%3D1740950373%26sprefix%3Ddata%252Banalyst%252Btshirt%252Caps%252C121%26sr%3D8-19-spons%26xpid%3D8-6USGCdPy3cd%26sp_csd%3Dd2lkZ2V0TmFtZT1zcF9tdGY%26psc%3D1
Definition Programmer Meaning - Computer Science & Coding T-Shirt,19.99,https://www.amazon.com//sspa/click?ie=UTF8&spc=MToyOTM1MTYwOTEzNzE5MzMwOjE3NDA5NTAzNzM6c3BfbXRmOjIwMDAyOTUyNzUxNjY5ODo6MDo6&url=%2FDefinition-Programmer-Meaning-Computer-Science%2Fdp%2FB08Y6TPLVW%2Fref%3Dsr_1_20_sspa%3Fcrid%3DM7SWQ9FKTZG9%26dib%3DeyJ2IjoiMSJ9.PM2zhQFx_lfPnddZwr05Dh2kKIJiLMVVwxBIXUeMl_Y8VpgYKh2ElOifFAUbi1_S_kZX4tMl5av4G8H-zhuLG3KN1zXYAwdu-FGlCLTUMLs1zBW-8Zf3WtugvxTIg-eRBHyvhW4LLXwgmSWRYDXgsLQ11-ecKKlgkUE0B7Sxzu2zO2eOLk-3Q0lDSU4b5JN9xiiXJg_wYv41tmK6GBZHIp8IvV4S73vSTB_Jz93dMi2mMa2V4Gg864ifN5t-gCVb6sgWXBDgnZJJNIyzVRszqd1yQ0aOfS69-D_9cwXfPo8.s2Bc2Ouj-jWs-amLRzBHLiZb_ppcCZdij10Mh1Vx_n4%26dib_tag%3Dse%26keywords%3Ddata%252Banalyst%252Btshirt%26qid%3D1740950373%26sprefix%3Ddata%252Banalyst%252Btshirt%252Caps%252C121%26sr%3D8-20-spons%26xpid%3D8-6USGCdPy3cd%26sp_csd%3Dd2lkZ2V0TmFtZT1zcF9tdGY%26psc%3D1
That Wasn't Very Data Driven of You Funny Data Analyst Geek T-Shirt,13.99,https://www.amazon.com//Data-Driven-Analyst-Geek-T-Shirt/dp/B0DH8GWXNQ/ref=sr_1_21?crid=M7SWQ9FKTZG9&dib=eyJ2IjoiMSJ9.PM2zhQFx_lfPnddZwr05Dh2kKIJiLMVVwxBIXUeMl_Y8VpgYKh2ElOifFAUbi1_S_kZX4tMl5av4G8H-zhuLG3KN1zXYAwdu-FGlCLTUMLs1zBW-8Zf3WtugvxTIg-eRBHyvhW4LLXwgmSWRYDXgsLQ11-ecKKlgkUE0B7Sxzu2zO2eOLk-3Q0lDSU4b5JN9xiiXJg_wYv41tmK6GBZHIp8IvV4S73vSTB_Jz93dMi2mMa2V4Gg864ifN5t-gCVb6sgWXBDgnZJJNIyzVRszqd1yQ0aOfS69-D_9cwXfPo8.s2Bc2Ouj-jWs-amLRzBHLiZb_ppcCZdij10Mh1Vx_n4&dib_tag=se&keywords=data%2Banalyst%2Btshirt&qid=1740950373&sprefix=data%2Banalyst%2Btshirt%2Caps%2C121&sr=8-21&xpid=8-6USGCdPy3cd
Let's Look At Data - Data Science Statistics Data Analyst T-Shirt,19.99,https://www.amazon.com//Lets-Look-At-Data-Statistics/dp/B09BSGKCSL/ref=sr_1_22?crid=M7SWQ9FKTZG9&dib=eyJ2IjoiMSJ9.PM2zhQFx_lfPnddZwr05Dh2kKIJiLMVVwxBIXUeMl_Y8VpgYKh2ElOifFAUbi1_S_kZX4tMl5av4G8H-zhuLG3KN1zXYAwdu-FGlCLTUMLs1zBW-8Zf3WtugvxTIg-eRBHyvhW4LLXwgmSWRYDXgsLQ11-ecKKlgkUE0B7Sxzu2zO2eOLk-3Q0lDSU4b5JN9xiiXJg_wYv41tmK6GBZHIp8IvV4S73vSTB_Jz93dMi2mMa2V4Gg864ifN5t-gCVb6sgWXBDgnZJJNIyzVRszqd1yQ0aOfS69-D_9cwXfPo8.s2Bc2Ouj-jWs-amLRzBHLiZb_ppcCZdij10Mh1Vx_n4&dib_tag=se&keywords=data%2Banalyst%2Btshirt&qid=1740950373&sprefix=data%2Banalyst%2Btshirt%2Caps%2C121&sr=8-22&xpid=8-6USGCdPy3cd
Data Analytics Data Engineering Funny Data Analyst Joke T-Shirt,19.99,https://www.amazon.com//Data-Analytics-Engineering-Analyst-T-Shirt/dp/B08WD95TMV/ref=sr_1_23?crid=M7SWQ9FKTZG9&dib=eyJ2IjoiMSJ9.PM2zhQFx_lfPnddZwr05Dh2kKIJiLMVVwxBIXUeMl_Y8VpgYKh2ElOifFAUbi1_S_kZX4tMl5av4G8H-zhuLG3KN1zXYAwdu-FGlCLTUMLs1zBW-8Zf3WtugvxTIg-eRBHyvhW4LLXwgmSWRYDXgsLQ11-ecKKlgkUE0B7Sxzu2zO2eOLk-3Q0lDSU4b5JN9xiiXJg_wYv41tmK6GBZHIp8IvV4S73vSTB_Jz93dMi2mMa2V4Gg864ifN5t-gCVb6sgWXBDgnZJJNIyzVRszqd1yQ0aOfS69-D_9cwXfPo8.s2Bc2Ouj-jWs-amLRzBHLiZb_ppcCZdij10Mh1Vx_n4&dib_tag=se&keywords=data%2Banalyst%2Btshirt&qid=1740950373&sprefix=data%2Banalyst%2Btshirt%2Caps%2C121&sr=8-23&xpid=8-6USGCdPy3cd
Funny Data Analyst That Wasn't Very Data Driven of You T-Shirt,15.99,https://www.amazon.com//Funny-Data-Analyst-Driven-T-Shirt/dp/B0DJ1T3Q65/ref=sr_1_24?crid=M7SWQ9FKTZG9&dib=eyJ2IjoiMSJ9.PM2zhQFx_lfPnddZwr05Dh2kKIJiLMVVwxBIXUeMl_Y8VpgYKh2ElOifFAUbi1_S_kZX4tMl5av4G8H-zhuLG3KN1zXYAwdu-FGlCLTUMLs1zBW-8Zf3WtugvxTIg-eRBHyvhW4LLXwgmSWRYDXgsLQ11-ecKKlgkUE0B7Sxzu2zO2eOLk-3Q0lDSU4b5JN9xiiXJg_wYv41tmK6GBZHIp8IvV4S73vSTB_Jz93dMi2mMa2V4Gg864ifN5t-gCVb6sgWXBDgnZJJNIyzVRszqd1yQ0aOfS69-D_9cwXfPo8.s2Bc2Ouj-jWs-amLRzBHLiZb_ppcCZdij10Mh1Vx_n4&dib_tag=se&keywords=data%2Banalyst%2Btshirt&qid=1740950373&sprefix=data%2Banalyst%2Btshirt%2Caps%2C121&sr=8-24&xpid=8-6USGCdPy3cd
Pi Day T Shirt Kids Mens Graphic Math School Days Novelty Teachers Funny T-Shirt,14.99,https://www.amazon.com//sspa/click?ie=UTF8&spc=MToyOTM1MTYwOTEzNzE5MzMwOjE3NDA5NTAzNzM6c3BfbXRmOjIwMDAzMjE3MDc2ODY4MTo6MDo6&url=%2FDelicious-Sarcastic-Humor-Funny-Graphic%2Fdp%2FB00NMFDQ2O%2Fref%3Dsr_1_25_sspa%3Fcrid%3DM7SWQ9FKTZG9%26dib%3DeyJ2IjoiMSJ9.PM2zhQFx_lfPnddZwr05Dh2kKIJiLMVVwxBIXUeMl_Y8VpgYKh2ElOifFAUbi1_S_kZX4tMl5av4G8H-zhuLG3KN1zXYAwdu-FGlCLTUMLs1zBW-8Zf3WtugvxTIg-eRBHyvhW4LLXwgmSWRYDXgsLQ11-ecKKlgkUE0B7Sxzu2zO2eOLk-3Q0lDSU4b5JN9xiiXJg_wYv41tmK6GBZHIp8IvV4S73vSTB_Jz93dMi2mMa2V4Gg864ifN5t-gCVb6sgWXBDgnZJJNIyzVRszqd1yQ0aOfS69-D_9cwXfPo8.s2Bc2Ouj-jWs-amLRzBHLiZb_ppcCZdij10Mh1Vx_n4%26dib_tag%3Dse%26keywords%3Ddata%252Banalyst%252Btshirt%26qid%3D1740950373%26sprefix%3Ddata%252Banalyst%252Btshirt%252Caps%252C121%26sr%3D8-25-spons%26xpid%3D8-6USGCdPy3cd%26sp_csd%3Dd2lkZ2V0TmFtZT1zcF9tdGY%26psc%3D1
OTA Definition Occupational Therapy Assistant OT Assistant T-Shirt,19.99,https://www.amazon.com//sspa/click?ie=UTF8&spc=MToyOTM1MTYwOTEzNzE5MzMwOjE3NDA5NTAzNzM6c3BfbXRmOjMwMDQzMTY4OTc2MTgwMjo6MDo6&url=%2FDefinition-Occupational-Therapy-Assistant-T-Shirt%2Fdp%2FB0DHDG9D8P%2Fref%3Dsr_1_26_sspa%3Fcrid%3DM7SWQ9FKTZG9%26dib%3DeyJ2IjoiMSJ9.PM2zhQFx_lfPnddZwr05Dh2kKIJiLMVVwxBIXUeMl_Y8VpgYKh2ElOifFAUbi1_S_kZX4tMl5av4G8H-zhuLG3KN1zXYAwdu-FGlCLTUMLs1zBW-8Zf3WtugvxTIg-eRBHyvhW4LLXwgmSWRYDXgsLQ11-ecKKlgkUE0B7Sxzu2zO2eOLk-3Q0lDSU4b5JN9xiiXJg_wYv41tmK6GBZHIp8IvV4S73vSTB_Jz93dMi2mMa2V4Gg864ifN5t-gCVb6sgWXBDgnZJJNIyzVRszqd1yQ0aOfS69-D_9cwXfPo8.s2Bc2Ouj-jWs-amLRzBHLiZb_ppcCZdij10Mh1Vx_n4%26dib_tag%3Dse%26keywords%3Ddata%252Banalyst%252Btshirt%26qid%3D1740950373%26sprefix%3Ddata%252Banalyst%252Btshirt%252Caps%252C121%26sr%3D8-26-spons%26xpid%3D8-6USGCdPy3cd%26sp_csd%3Dd2lkZ2V0TmFtZT1zcF9tdGY%26psc%3D1
Let's Look At Data - Data Science Statistics Data Analyst T-Shirt,19.99,https://www.amazon.com//sspa/click?ie=UTF8&spc=MToyOTM1MTYwOTEzNzE5MzMwOjE3NDA5NTAzNzM6c3BfbXRmOjMwMDU0ODQzMjkxMTIwMjo6MDo6&url=%2FLets-Look-At-Data-Statistics%2Fdp%2FB09BSGKCSL%2Fref%3Dsr_1_27_sspa%3Fcrid%3DM7SWQ9FKTZG9%26dib%3DeyJ2IjoiMSJ9.PM2zhQFx_lfPnddZwr05Dh2kKIJiLMVVwxBIXUeMl_Y8VpgYKh2ElOifFAUbi1_S_kZX4tMl5av4G8H-zhuLG3KN1zXYAwdu-FGlCLTUMLs1zBW-8Zf3WtugvxTIg-eRBHyvhW4LLXwgmSWRYDXgsLQ11-ecKKlgkUE0B7Sxzu2zO2eOLk-3Q0lDSU4b5JN9xiiXJg_wYv41tmK6GBZHIp8IvV4S73vSTB_Jz93dMi2mMa2V4Gg864ifN5t-gCVb6sgWXBDgnZJJNIyzVRszqd1yQ0aOfS69-D_9cwXfPo8.s2Bc2Ouj-jWs-amLRzBHLiZb_ppcCZdij10Mh1Vx_n4%26dib_tag%3Dse%26keywords%3Ddata%252Banalyst%252Btshirt%26qid%3D1740950373%26sprefix%3Ddata%252Banalyst%252Btshirt%252Caps%252C121%26sr%3D8-27-spons%26xpid%3D8-6USGCdPy3cd%26sp_csd%3Dd2lkZ2V0TmFtZT1zcF9tdGY%26psc%3D1
Black Unisex Casual Modern Unique Original T-Shirt Small,24.99,https://www.amazon.com//sspa/click?ie=UTF8&spc=MToyOTM1MTYwOTEzNzE5MzMwOjE3NDA5NTAzNzM6c3BfbXRmOjMwMDY2ODMwNDY5NDIwMjo6MDo6&url=%2FFunny-Programmer-Clothing-Javascript-T-Shirt%2Fdp%2FB07XJZJH9S%2Fref%3Dsr_1_28_sspa%3Fcrid%3DM7SWQ9FKTZG9%26dib%3DeyJ2IjoiMSJ9.PM2zhQFx_lfPnddZwr05Dh2kKIJiLMVVwxBIXUeMl_Y8VpgYKh2ElOifFAUbi1_S_kZX4tMl5av4G8H-zhuLG3KN1zXYAwdu-FGlCLTUMLs1zBW-8Zf3WtugvxTIg-eRBHyvhW4LLXwgmSWRYDXgsLQ11-ecKKlgkUE0B7Sxzu2zO2eOLk-3Q0lDSU4b5JN9xiiXJg_wYv41tmK6GBZHIp8IvV4S73vSTB_Jz93dMi2mMa2V4Gg864ifN5t-gCVb6sgWXBDgnZJJNIyzVRszqd1yQ0aOfS69-D_9cwXfPo8.s2Bc2Ouj-jWs-amLRzBHLiZb_ppcCZdij10Mh1Vx_n4%26dib_tag%3Dse%26keywords%3Ddata%252Banalyst%252Btshirt%26qid%3D1740950373%26sprefix%3Ddata%252Banalyst%252Btshirt%252Caps%252C121%26sr%3D8-28-spons%26xpid%3D8-6USGCdPy3cd%26sp_csd%3Dd2lkZ2V0TmFtZT1zcF9tdGY%26psc%3D1
I love the smell of Data in the Morning Data Analyst T-Shirt,19.99,https://www.amazon.com//smell-Data-Morning-Analyst-T-Shirt/dp/B0CR96KMVP/ref=sr_1_29?crid=M7SWQ9FKTZG9&dib=eyJ2IjoiMSJ9.PM2zhQFx_lfPnddZwr05Dh2kKIJiLMVVwxBIXUeMl_Y8VpgYKh2ElOifFAUbi1_S_kZX4tMl5av4G8H-zhuLG3KN1zXYAwdu-FGlCLTUMLs1zBW-8Zf3WtugvxTIg-eRBHyvhW4LLXwgmSWRYDXgsLQ11-ecKKlgkUE0B7Sxzu2zO2eOLk-3Q0lDSU4b5JN9xiiXJg_wYv41tmK6GBZHIp8IvV4S73vSTB_Jz93dMi2mMa2V4Gg864ifN5t-gCVb6sgWXBDgnZJJNIyzVRszqd1yQ0aOfS69-D_9cwXfPo8.s2Bc2Ouj-jWs-amLRzBHLiZb_ppcCZdij10Mh1Vx_n4&dib_tag=se&keywords=data%2Banalyst%2Btshirt&qid=1740950373&sprefix=data%2Banalyst%2Btshirt%2Caps%2C121&sr=8-29&xpid=8-6USGCdPy3cd
Data Whisperer Funny Science Analyst Software Engineer T-Shirt,16.99,https://www.amazon.com//Data-Whisperer-Funny-Science-Software/dp/B07L85PM3K/ref=sr_1_30?crid=M7SWQ9FKTZG9&dib=eyJ2IjoiMSJ9.PM2zhQFx_lfPnddZwr05Dh2kKIJiLMVVwxBIXUeMl_Y8VpgYKh2ElOifFAUbi1_S_kZX4tMl5av4G8H-zhuLG3KN1zXYAwdu-FGlCLTUMLs1zBW-8Zf3WtugvxTIg-eRBHyvhW4LLXwgmSWRYDXgsLQ11-ecKKlgkUE0B7Sxzu2zO2eOLk-3Q0lDSU4b5JN9xiiXJg_wYv41tmK6GBZHIp8IvV4S73vSTB_Jz93dMi2mMa2V4Gg864ifN5t-gCVb6sgWXBDgnZJJNIyzVRszqd1yQ0aOfS69-D_9cwXfPo8.s2Bc2Ouj-jWs-amLRzBHLiZb_ppcCZdij10Mh1Vx_n4&dib_tag=se&keywords=data%2Banalyst%2Btshirt&qid=1740950373&sprefix=data%2Banalyst%2Btshirt%2Caps%2C121&sr=8-30&xpid=8-6USGCdPy3cd
That Wasn't Very Data Driven of You Funny Data Analyst Geek T-Shirt,14.99,https://www.amazon.com//Data-Driven-Analyst-Geek-T-Shirt/dp/B0DHQR13CN/ref=sr_1_31?crid=M7SWQ9FKTZG9&dib=eyJ2IjoiMSJ9.PM2zhQFx_lfPnddZwr05Dh2kKIJiLMVVwxBIXUeMl_Y8VpgYKh2ElOifFAUbi1_S_kZX4tMl5av4G8H-zhuLG3KN1zXYAwdu-FGlCLTUMLs1zBW-8Zf3WtugvxTIg-eRBHyvhW4LLXwgmSWRYDXgsLQ11-ecKKlgkUE0B7Sxzu2zO2eOLk-3Q0lDSU4b5JN9xiiXJg_wYv41tmK6GBZHIp8IvV4S73vSTB_Jz93dMi2mMa2V4Gg864ifN5t-gCVb6sgWXBDgnZJJNIyzVRszqd1yQ0aOfS69-D_9cwXfPo8.s2Bc2Ouj-jWs-amLRzBHLiZb_ppcCZdij10Mh1Vx_n4&dib_tag=se&keywords=data%2Banalyst%2Btshirt&qid=1740950373&sprefix=data%2Banalyst%2Btshirt%2Caps%2C121&sr=8-31&xpid=8-6USGCdPy3cd
Data Statistics Math Computer Science Shirt Analyst T-Shirt,13.95,https://www.amazon.com//Data-Statistics-Computer-Science-Analyst/dp/B07T7C65D7/ref=sr_1_32?crid=M7SWQ9FKTZG9&dib=eyJ2IjoiMSJ9.PM2zhQFx_lfPnddZwr05Dh2kKIJiLMVVwxBIXUeMl_Y8VpgYKh2ElOifFAUbi1_S_kZX4tMl5av4G8H-zhuLG3KN1zXYAwdu-FGlCLTUMLs1zBW-8Zf3WtugvxTIg-eRBHyvhW4LLXwgmSWRYDXgsLQ11-ecKKlgkUE0B7Sxzu2zO2eOLk-3Q0lDSU4b5JN9xiiXJg_wYv41tmK6GBZHIp8IvV4S73vSTB_Jz93dMi2mMa2V4Gg864ifN5t-gCVb6sgWXBDgnZJJNIyzVRszqd1yQ0aOfS69-D_9cwXfPo8.s2Bc2Ouj-jWs-amLRzBHLiZb_ppcCZdij10Mh1Vx_n4&dib_tag=se&keywords=data%2Banalyst%2Btshirt&qid=1740950373&sprefix=data%2Banalyst%2Btshirt%2Caps%2C121&sr=8-32&xpid=8-6USGCdPy3cd
Data Analyst Statistic Scientist Funny Data Engineer Nerd T-Shirt,18.99,https://www.amazon.com//Data-Analyst-Statistic-Scientist-Engineer/dp/B0DJWCNBKS/ref=sr_1_33?crid=M7SWQ9FKTZG9&dib=eyJ2IjoiMSJ9.PM2zhQFx_lfPnddZwr05Dh2kKIJiLMVVwxBIXUeMl_Y8VpgYKh2ElOifFAUbi1_S_kZX4tMl5av4G8H-zhuLG3KN1zXYAwdu-FGlCLTUMLs1zBW-8Zf3WtugvxTIg-eRBHyvhW4LLXwgmSWRYDXgsLQ11-ecKKlgkUE0B7Sxzu2zO2eOLk-3Q0lDSU4b5JN9xiiXJg_wYv41tmK6GBZHIp8IvV4S73vSTB_Jz93dMi2mMa2V4Gg864ifN5t-gCVb6sgWXBDgnZJJNIyzVRszqd1yQ0aOfS69-D_9cwXfPo8.s2Bc2Ouj-jWs-amLRzBHLiZb_ppcCZdij10Mh1Vx_n4&dib_tag=se&keywords=data%2Banalyst%2Btshirt&qid=1740950373&sprefix=data%2Banalyst%2Btshirt%2Caps%2C121&sr=8-33&xpid=8-6USGCdPy3cd
Data Ninja T-Shirt Data Analyst Gift Shirt T-Shirt,17.99,https://www.amazon.com//Data-Ninja-T-Shirt-Analyst-Shirt/dp/B079K29LP8/ref=sr_1_34?crid=M7SWQ9FKTZG9&dib=eyJ2IjoiMSJ9.PM2zhQFx_lfPnddZwr05Dh2kKIJiLMVVwxBIXUeMl_Y8VpgYKh2ElOifFAUbi1_S_kZX4tMl5av4G8H-zhuLG3KN1zXYAwdu-FGlCLTUMLs1zBW-8Zf3WtugvxTIg-eRBHyvhW4LLXwgmSWRYDXgsLQ11-ecKKlgkUE0B7Sxzu2zO2eOLk-3Q0lDSU4b5JN9xiiXJg_wYv41tmK6GBZHIp8IvV4S73vSTB_Jz93dMi2mMa2V4Gg864ifN5t-gCVb6sgWXBDgnZJJNIyzVRszqd1yQ0aOfS69-D_9cwXfPo8.s2Bc2Ouj-jWs-amLRzBHLiZb_ppcCZdij10Mh1Vx_n4&dib_tag=se&keywords=data%2Banalyst%2Btshirt&qid=1740950373&sprefix=data%2Banalyst%2Btshirt%2Caps%2C121&sr=8-34&xpid=8-6USGCdPy3cd
That Wasn't Very Data Driven of You Funny Data Analyst T-Shirt,16.97,https://www.amazon.com//That-Wasnt-Very-Data-Driven/dp/B0DK8131V5/ref=sr_1_35?crid=M7SWQ9FKTZG9&dib=eyJ2IjoiMSJ9.PM2zhQFx_lfPnddZwr05Dh2kKIJiLMVVwxBIXUeMl_Y8VpgYKh2ElOifFAUbi1_S_kZX4tMl5av4G8H-zhuLG3KN1zXYAwdu-FGlCLTUMLs1zBW-8Zf3WtugvxTIg-eRBHyvhW4LLXwgmSWRYDXgsLQ11-ecKKlgkUE0B7Sxzu2zO2eOLk-3Q0lDSU4b5JN9xiiXJg_wYv41tmK6GBZHIp8IvV4S73vSTB_Jz93dMi2mMa2V4Gg864ifN5t-gCVb6sgWXBDgnZJJNIyzVRszqd1yQ0aOfS69-D_9cwXfPo8.s2Bc2Ouj-jWs-amLRzBHLiZb_ppcCZdij10Mh1Vx_n4&dib_tag=se&keywords=data%2Banalyst%2Btshirt&qid=1740950373&sprefix=data%2Banalyst%2Btshirt%2Caps%2C121&sr=8-35&xpid=8-6USGCdPy3cd
"Funny Analyst Nerd Sayings, That Wasn't Very Data T-Shirt - Unisex Adult, Black, Small, Short Sleeve, Modern, Tech, Casual, Everyday, T-Shirt",17.99,https://www.amazon.com//Funny-Analyst-Nerd-Sayings-Wasnt/dp/B0DHR4V3V8/ref=sr_1_36?crid=M7SWQ9FKTZG9&dib=eyJ2IjoiMSJ9.PM2zhQFx_lfPnddZwr05Dh2kKIJiLMVVwxBIXUeMl_Y8VpgYKh2ElOifFAUbi1_S_kZX4tMl5av4G8H-zhuLG3KN1zXYAwdu-FGlCLTUMLs1zBW-8Zf3WtugvxTIg-eRBHyvhW4LLXwgmSWRYDXgsLQ11-ecKKlgkUE0B7Sxzu2zO2eOLk-3Q0lDSU4b5JN9xiiXJg_wYv41tmK6GBZHIp8IvV4S73vSTB_Jz93dMi2mMa2V4Gg864ifN5t-gCVb6sgWXBDgnZJJNIyzVRszqd1yQ0aOfS69-D_9cwXfPo8.s2Bc2Ouj-jWs-amLRzBHLiZb_ppcCZdij10Mh1Vx_n4&dib_tag=se&keywords=data%2Banalyst%2Btshirt&qid=1740950373&sprefix=data%2Banalyst%2Btshirt%2Caps%2C121&sr=8-36&xpid=8-6USGCdPy3cd
I Camp In Random Forests - Data Scientist Science Analyst T-Shirt,19.99,https://www.amazon.com//Camp-Random-Forests-Scientist-Science/dp/B09BS1XLGJ/ref=sr_1_37?crid=M7SWQ9FKTZG9&dib=eyJ2IjoiMSJ9.PM2zhQFx_lfPnddZwr05Dh2kKIJiLMVVwxBIXUeMl_Y8VpgYKh2ElOifFAUbi1_S_kZX4tMl5av4G8H-zhuLG3KN1zXYAwdu-FGlCLTUMLs1zBW-8Zf3WtugvxTIg-eRBHyvhW4LLXwgmSWRYDXgsLQ11-ecKKlgkUE0B7Sxzu2zO2eOLk-3Q0lDSU4b5JN9xiiXJg_wYv41tmK6GBZHIp8IvV4S73vSTB_Jz93dMi2mMa2V4Gg864ifN5t-gCVb6sgWXBDgnZJJNIyzVRszqd1yQ0aOfS69-D_9cwXfPo8.s2Bc2Ouj-jWs-amLRzBHLiZb_ppcCZdij10Mh1Vx_n4&dib_tag=se&keywords=data%2Banalyst%2Btshirt&qid=1740950373&sprefix=data%2Banalyst%2Btshirt%2Caps%2C121&sr=8-37&xpid=8-6USGCdPy3cd
Data Analyst Definition Data Scientist Data Science Expert T-Shirt,19.99,https://www.amazon.com//Data-Analyst-Definition-Scientist-Expert/dp/B0CVTSG4BB/ref=sr_1_38?crid=M7SWQ9FKTZG9&dib=eyJ2IjoiMSJ9.PM2zhQFx_lfPnddZwr05Dh2kKIJiLMVVwxBIXUeMl_Y8VpgYKh2ElOifFAUbi1_S_kZX4tMl5av4G8H-zhuLG3KN1zXYAwdu-FGlCLTUMLs1zBW-8Zf3WtugvxTIg-eRBHyvhW4LLXwgmSWRYDXgsLQ11-ecKKlgkUE0B7Sxzu2zO2eOLk-3Q0lDSU4b5JN9xiiXJg_wYv41tmK6GBZHIp8IvV4S73vSTB_Jz93dMi2mMa2V4Gg864ifN5t-gCVb6sgWXBDgnZJJNIyzVRszqd1yQ0aOfS69-D_9cwXfPo8.s2Bc2Ouj-jWs-amLRzBHLiZb_ppcCZdij10Mh1Vx_n4&dib_tag=se&keywords=data%2Banalyst%2Btshirt&qid=1740950373&sprefix=data%2Banalyst%2Btshirt%2Caps%2C121&sr=8-38&xpid=8-6USGCdPy3cd
Avoid The Top Of The Bell Curve Mean - Funny Data Analyst T-Shirt,17.99,https://www.amazon.com//Avoid-Curve-Analyst-Scientist-T-Shirt/dp/B08K7ZNXHV/ref=sr_1_39?crid=M7SWQ9FKTZG9&dib=eyJ2IjoiMSJ9.PM2zhQFx_lfPnddZwr05Dh2kKIJiLMVVwxBIXUeMl_Y8VpgYKh2ElOifFAUbi1_S_kZX4tMl5av4G8H-zhuLG3KN1zXYAwdu-FGlCLTUMLs1zBW-8Zf3WtugvxTIg-eRBHyvhW4LLXwgmSWRYDXgsLQ11-ecKKlgkUE0B7Sxzu2zO2eOLk-3Q0lDSU4b5JN9xiiXJg_wYv41tmK6GBZHIp8IvV4S73vSTB_Jz93dMi2mMa2V4Gg864ifN5t-gCVb6sgWXBDgnZJJNIyzVRszqd1yQ0aOfS69-D_9cwXfPo8.s2Bc2Ouj-jWs-amLRzBHLiZb_ppcCZdij10Mh1Vx_n4&dib_tag=se&keywords=data%2Banalyst%2Btshirt&qid=1740950373&sprefix=data%2Banalyst%2Btshirt%2Caps%2C121&sr=8-39&xpid=8-6USGCdPy3cd
Data Analyst ABA Introverted But Willing To Discuss Data T-Shirt,16.96,https://www.amazon.com//Data-Analyst-Introverted-Willing-Discuss/dp/B0CJLZMQPK/ref=sr_1_40?crid=M7SWQ9FKTZG9&dib=eyJ2IjoiMSJ9.PM2zhQFx_lfPnddZwr05Dh2kKIJiLMVVwxBIXUeMl_Y8VpgYKh2ElOifFAUbi1_S_kZX4tMl5av4G8H-zhuLG3KN1zXYAwdu-FGlCLTUMLs1zBW-8Zf3WtugvxTIg-eRBHyvhW4LLXwgmSWRYDXgsLQ11-ecKKlgkUE0B7Sxzu2zO2eOLk-3Q0lDSU4b5JN9xiiXJg_wYv41tmK6GBZHIp8IvV4S73vSTB_Jz93dMi2mMa2V4Gg864ifN5t-gCVb6sgWXBDgnZJJNIyzVRszqd1yQ0aOfS69-D_9cwXfPo8.s2Bc2Ouj-jWs-amLRzBHLiZb_ppcCZdij10Mh1Vx_n4&dib_tag=se&keywords=data%2Banalyst%2Btshirt&qid=1740950373&sprefix=data%2Banalyst%2Btshirt%2Caps%2C121&sr=8-40&xpid=8-6USGCdPy3cd
That Wasn't Very Data Driven of You Funny Data Analyst Geek T-Shirt,16.99,https://www.amazon.com//Data-Driven-Analyst-Geek-T-Shirt/dp/B0DJK2K882/ref=sr_1_41?crid=M7SWQ9FKTZG9&dib=eyJ2IjoiMSJ9.PM2zhQFx_lfPnddZwr05Dh2kKIJiLMVVwxBIXUeMl_Y8VpgYKh2ElOifFAUbi1_S_kZX4tMl5av4G8H-zhuLG3KN1zXYAwdu-FGlCLTUMLs1zBW-8Zf3WtugvxTIg-eRBHyvhW4LLXwgmSWRYDXgsLQ11-ecKKlgkUE0B7Sxzu2zO2eOLk-3Q0lDSU4b5JN9xiiXJg_wYv41tmK6GBZHIp8IvV4S73vSTB_Jz93dMi2mMa2V4Gg864ifN5t-gCVb6sgWXBDgnZJJNIyzVRszqd1yQ0aOfS69-D_9cwXfPo8.s2Bc2Ouj-jWs-amLRzBHLiZb_ppcCZdij10Mh1Vx_n4&dib_tag=se&keywords=data%2Banalyst%2Btshirt&qid=1740950373&sprefix=data%2Banalyst%2Btshirt%2Caps%2C121&sr=8-41&xpid=8-6USGCdPy3cd
Data Is My Love Language Data Scientist Data Analyst T-Shirt,17.99,https://www.amazon.com//Data-Language-Scientist-Analyst-T-Shirt/dp/B0CW8SSX32/ref=sr_1_42?crid=M7SWQ9FKTZG9&dib=eyJ2IjoiMSJ9.PM2zhQFx_lfPnddZwr05Dh2kKIJiLMVVwxBIXUeMl_Y8VpgYKh2ElOifFAUbi1_S_kZX4tMl5av4G8H-zhuLG3KN1zXYAwdu-FGlCLTUMLs1zBW-8Zf3WtugvxTIg-eRBHyvhW4LLXwgmSWRYDXgsLQ11-ecKKlgkUE0B7Sxzu2zO2eOLk-3Q0lDSU4b5JN9xiiXJg_wYv41tmK6GBZHIp8IvV4S73vSTB_Jz93dMi2mMa2V4Gg864ifN5t-gCVb6sgWXBDgnZJJNIyzVRszqd1yQ0aOfS69-D_9cwXfPo8.s2Bc2Ouj-jWs-amLRzBHLiZb_ppcCZdij10Mh1Vx_n4&dib_tag=se&keywords=data%2Banalyst%2Btshirt&qid=1740950373&sprefix=data%2Banalyst%2Btshirt%2Caps%2C121&sr=8-42&xpid=8-6USGCdPy3cd
Data Science. Big Data Analytics. For Data Scientists T-Shirt,19.99,https://www.amazon.com//Data-Science-Analytics-Scientists-T-Shirt/dp/B09RBGMLVB/ref=sr_1_43?crid=M7SWQ9FKTZG9&dib=eyJ2IjoiMSJ9.PM2zhQFx_lfPnddZwr05Dh2kKIJiLMVVwxBIXUeMl_Y8VpgYKh2ElOifFAUbi1_S_kZX4tMl5av4G8H-zhuLG3KN1zXYAwdu-FGlCLTUMLs1zBW-8Zf3WtugvxTIg-eRBHyvhW4LLXwgmSWRYDXgsLQ11-ecKKlgkUE0B7Sxzu2zO2eOLk-3Q0lDSU4b5JN9xiiXJg_wYv41tmK6GBZHIp8IvV4S73vSTB_Jz93dMi2mMa2V4Gg864ifN5t-gCVb6sgWXBDgnZJJNIyzVRszqd1yQ0aOfS69-D_9cwXfPo8.s2Bc2Ouj-jWs-amLRzBHLiZb_ppcCZdij10Mh1Vx_n4&dib_tag=se&keywords=data%2Banalyst%2Btshirt&qid=1740950373&sprefix=data%2Banalyst%2Btshirt%2Caps%2C121&sr=8-43&xpid=8-6USGCdPy3cd
Data Or It Didn't Happen Behavior Analyst therapist T-Shirt,17.99,https://www.amazon.com//Data-Didnt-Happen-Behavior-therapist/dp/B0CJTFS3KC/ref=sr_1_44?crid=M7SWQ9FKTZG9&dib=eyJ2IjoiMSJ9.PM2zhQFx_lfPnddZwr05Dh2kKIJiLMVVwxBIXUeMl_Y8VpgYKh2ElOifFAUbi1_S_kZX4tMl5av4G8H-zhuLG3KN1zXYAwdu-FGlCLTUMLs1zBW-8Zf3WtugvxTIg-eRBHyvhW4LLXwgmSWRYDXgsLQ11-ecKKlgkUE0B7Sxzu2zO2eOLk-3Q0lDSU4b5JN9xiiXJg_wYv41tmK6GBZHIp8IvV4S73vSTB_Jz93dMi2mMa2V4Gg864ifN5t-gCVb6sgWXBDgnZJJNIyzVRszqd1yQ0aOfS69-D_9cwXfPo8.s2Bc2Ouj-jWs-amLRzBHLiZb_ppcCZdij10Mh1Vx_n4&dib_tag=se&keywords=data%2Banalyst%2Btshirt&qid=1740950373&sprefix=data%2Banalyst%2Btshirt%2Caps%2C121&sr=8-44&xpid=8-6USGCdPy3cd
Without Data It's Just An Opinion Data Analyst Premium T-Shirt,19.99,https://www.amazon.com//Without-Data-Opinion-Analyst-Premium/dp/B0CW8YRP5Z/ref=sr_1_45?crid=M7SWQ9FKTZG9&dib=eyJ2IjoiMSJ9.PM2zhQFx_lfPnddZwr05Dh2kKIJiLMVVwxBIXUeMl_Y8VpgYKh2ElOifFAUbi1_S_kZX4tMl5av4G8H-zhuLG3KN1zXYAwdu-FGlCLTUMLs1zBW-8Zf3WtugvxTIg-eRBHyvhW4LLXwgmSWRYDXgsLQ11-ecKKlgkUE0B7Sxzu2zO2eOLk-3Q0lDSU4b5JN9xiiXJg_wYv41tmK6GBZHIp8IvV4S73vSTB_Jz93dMi2mMa2V4Gg864ifN5t-gCVb6sgWXBDgnZJJNIyzVRszqd1yQ0aOfS69-D_9cwXfPo8.s2Bc2Ouj-jWs-amLRzBHLiZb_ppcCZdij10Mh1Vx_n4&dib_tag=se&keywords=data%2Banalyst%2Btshirt&qid=1740950373&sprefix=data%2Banalyst%2Btshirt%2Caps%2C121&sr=8-45&xpid=8-6USGCdPy3cd
T-Shirt,13.99,https://www.amazon.com//Funny-Data-Systems-Business-Analyst/dp/B0BLSYMW43/ref=sr_1_46?crid=M7SWQ9FKTZG9&dib=eyJ2IjoiMSJ9.PM2zhQFx_lfPnddZwr05Dh2kKIJiLMVVwxBIXUeMl_Y8VpgYKh2ElOifFAUbi1_S_kZX4tMl5av4G8H-zhuLG3KN1zXYAwdu-FGlCLTUMLs1zBW-8Zf3WtugvxTIg-eRBHyvhW4LLXwgmSWRYDXgsLQ11-ecKKlgkUE0B7Sxzu2zO2eOLk-3Q0lDSU4b5JN9xiiXJg_wYv41tmK6GBZHIp8IvV4S73vSTB_Jz93dMi2mMa2V4Gg864ifN5t-gCVb6sgWXBDgnZJJNIyzVRszqd1yQ0aOfS69-D_9cwXfPo8.s2Bc2Ouj-jWs-amLRzBHLiZb_ppcCZdij10Mh1Vx_n4&dib_tag=se&keywords=data%2Banalyst%2Btshirt&qid=1740950373&sprefix=data%2Banalyst%2Btshirt%2Caps%2C121&sr=8-46&xpid=8-6USGCdPy3cd
That Wasn't Very Data Driven Of You Funny Data Analyst Quote T-Shirt,13.38,https://www.amazon.com//Data-Driven-Funny-Analyst-T-Shirt/dp/B0DJRFXS2Z/ref=sr_1_47?crid=M7SWQ9FKTZG9&dib=eyJ2IjoiMSJ9.PM2zhQFx_lfPnddZwr05Dh2kKIJiLMVVwxBIXUeMl_Y8VpgYKh2ElOifFAUbi1_S_kZX4tMl5av4G8H-zhuLG3KN1zXYAwdu-FGlCLTUMLs1zBW-8Zf3WtugvxTIg-eRBHyvhW4LLXwgmSWRYDXgsLQ11-ecKKlgkUE0B7Sxzu2zO2eOLk-3Q0lDSU4b5JN9xiiXJg_wYv41tmK6GBZHIp8IvV4S73vSTB_Jz93dMi2mMa2V4Gg864ifN5t-gCVb6sgWXBDgnZJJNIyzVRszqd1yQ0aOfS69-D_9cwXfPo8.s2Bc2Ouj-jWs-amLRzBHLiZb_ppcCZdij10Mh1Vx_n4&dib_tag=se&keywords=data%2Banalyst%2Btshirt&qid=1740950373&sprefix=data%2Banalyst%2Btshirt%2Caps%2C121&sr=8-47&xpid=8-6USGCdPy3cd
"That Wasn't Very Data Driven of You Unisex Adults T-Shirt, Black, Small, Short Sleeve",16.95,https://www.amazon.com//Funny-Data-Analyst-Geek-Apparel/dp/B0DJL4D2NX/ref=sr_1_48?crid=M7SWQ9FKTZG9&dib=eyJ2IjoiMSJ9.PM2zhQFx_lfPnddZwr05Dh2kKIJiLMVVwxBIXUeMl_Y8VpgYKh2ElOifFAUbi1_S_kZX4tMl5av4G8H-zhuLG3KN1zXYAwdu-FGlCLTUMLs1zBW-8Zf3WtugvxTIg-eRBHyvhW4LLXwgmSWRYDXgsLQ11-ecKKlgkUE0B7Sxzu2zO2eOLk-3Q0lDSU4b5JN9xiiXJg_wYv41tmK6GBZHIp8IvV4S73vSTB_Jz93dMi2mMa2V4Gg864ifN5t-gCVb6sgWXBDgnZJJNIyzVRszqd1yQ0aOfS69-D_9cwXfPo8.s2Bc2Ouj-jWs-amLRzBHLiZb_ppcCZdij10Mh1Vx_n4&dib_tag=se&keywords=data%2Banalyst%2Btshirt&qid=1740950373&sprefix=data%2Banalyst%2Btshirt%2Caps%2C121&sr=8-48&xpid=8-6USGCdPy3cd
That Wasn't Very Data Driven of You Funny Data Analyst Geek T-Shirt,18.99,https://www.amazon.com//Wasnt-Data-Driven-Analyst-T-Shirt/dp/B0DHSTQ548/ref=sr_1_49?crid=M7SWQ9FKTZG9&dib=eyJ2IjoiMSJ9.PM2zhQFx_lfPnddZwr05Dh2kKIJiLMVVwxBIXUeMl_Y8VpgYKh2ElOifFAUbi1_S_kZX4tMl5av4G8H-zhuLG3KN1zXYAwdu-FGlCLTUMLs1zBW-8Zf3WtugvxTIg-eRBHyvhW4LLXwgmSWRYDXgsLQ11-ecKKlgkUE0B7Sxzu2zO2eOLk-3Q0lDSU4b5JN9xiiXJg_wYv41tmK6GBZHIp8IvV4S73vSTB_Jz93dMi2mMa2V4Gg864ifN5t-gCVb6sgWXBDgnZJJNIyzVRszqd1yQ0aOfS69-D_9cwXfPo8.s2Bc2Ouj-jWs-amLRzBHLiZb_ppcCZdij10Mh1Vx_n4&dib_tag=se&keywords=data%2Banalyst%2Btshirt&qid=1740950373&sprefix=data%2Banalyst%2Btshirt%2Caps%2C121&sr=8-49&xpid=8-6USGCdPy3cd
Data Queen Data Analyst T-Shirt,19.99,https://www.amazon.com//Data-Queen-Analyst-T-Shirt/dp/B0CR978JCL/ref=sr_1_50?crid=M7SWQ9FKTZG9&dib=eyJ2IjoiMSJ9.PM2zhQFx_lfPnddZwr05Dh2kKIJiLMVVwxBIXUeMl_Y8VpgYKh2ElOifFAUbi1_S_kZX4tMl5av4G8H-zhuLG3KN1zXYAwdu-FGlCLTUMLs1zBW-8Zf3WtugvxTIg-eRBHyvhW4LLXwgmSWRYDXgsLQ11-ecKKlgkUE0B7Sxzu2zO2eOLk-3Q0lDSU4b5JN9xiiXJg_wYv41tmK6GBZHIp8IvV4S73vSTB_Jz93dMi2mMa2V4Gg864ifN5t-gCVb6sgWXBDgnZJJNIyzVRszqd1yQ0aOfS69-D_9cwXfPo8.s2Bc2Ouj-jWs-amLRzBHLiZb_ppcCZdij10Mh1Vx_n4&dib_tag=se&keywords=data%2Banalyst%2Btshirt&qid=1740950373&sprefix=data%2Banalyst%2Btshirt%2Caps%2C121&sr=8-50&xpid=8-6USGCdPy3cd
thin T-Shirt,14.99,https://www.amazon.com//Analytics-Talk-Data-Whisperer-shirt/dp/B07K2K816M/ref=sr_1_51?crid=M7SWQ9FKTZG9&dib=eyJ2IjoiMSJ9.PM2zhQFx_lfPnddZwr05Dh2kKIJiLMVVwxBIXUeMl_Y8VpgYKh2ElOifFAUbi1_S_kZX4tMl5av4G8H-zhuLG3KN1zXYAwdu-FGlCLTUMLs1zBW-8Zf3WtugvxTIg-eRBHyvhW4LLXwgmSWRYDXgsLQ11-ecKKlgkUE0B7Sxzu2zO2eOLk-3Q0lDSU4b5JN9xiiXJg_wYv41tmK6GBZHIp8IvV4S73vSTB_Jz93dMi2mMa2V4Gg864ifN5t-gCVb6sgWXBDgnZJJNIyzVRszqd1yQ0aOfS69-D_9cwXfPo8.s2Bc2Ouj-jWs-amLRzBHLiZb_ppcCZdij10Mh1Vx_n4&dib_tag=se&keywords=data%2Banalyst%2Btshirt&qid=1740950373&sprefix=data%2Banalyst%2Btshirt%2Caps%2C121&sr=8-51&xpid=8-6USGCdPy3cd
Vintage Data Driven That Wasn't Very Data Driven Of You T-Shirt,13.99,https://www.amazon.com//Vintage-Data-Driven-Wasnt-T-Shirt/dp/B0DKFLWYNS/ref=sr_1_52?crid=M7SWQ9FKTZG9&dib=eyJ2IjoiMSJ9.PM2zhQFx_lfPnddZwr05Dh2kKIJiLMVVwxBIXUeMl_Y8VpgYKh2ElOifFAUbi1_S_kZX4tMl5av4G8H-zhuLG3KN1zXYAwdu-FGlCLTUMLs1zBW-8Zf3WtugvxTIg-eRBHyvhW4LLXwgmSWRYDXgsLQ11-ecKKlgkUE0B7Sxzu2zO2eOLk-3Q0lDSU4b5JN9xiiXJg_wYv41tmK6GBZHIp8IvV4S73vSTB_Jz93dMi2mMa2V4Gg864ifN5t-gCVb6sgWXBDgnZJJNIyzVRszqd1yQ0aOfS69-D_9cwXfPo8.s2Bc2Ouj-jWs-amLRzBHLiZb_ppcCZdij10Mh1Vx_n4&dib_tag=se&keywords=data%2Banalyst%2Btshirt&qid=1740950373&sprefix=data%2Banalyst%2Btshirt%2Caps%2C121&sr=8-52&xpid=8-6USGCdPy3cd
Data Whisperer Data Geek Big Data Analysts Gift T-Shirt,14.99,https://www.amazon.com//Data-Whisperer-Analysts-Gift-T-Shirt/dp/B07XZJMTTB/ref=sr_1_53?crid=M7SWQ9FKTZG9&dib=eyJ2IjoiMSJ9.PM2zhQFx_lfPnddZwr05Dh2kKIJiLMVVwxBIXUeMl_Y8VpgYKh2ElOifFAUbi1_S_kZX4tMl5av4G8H-zhuLG3KN1zXYAwdu-FGlCLTUMLs1zBW-8Zf3WtugvxTIg-eRBHyvhW4LLXwgmSWRYDXgsLQ11-ecKKlgkUE0B7Sxzu2zO2eOLk-3Q0lDSU4b5JN9xiiXJg_wYv41tmK6GBZHIp8IvV4S73vSTB_Jz93dMi2mMa2V4Gg864ifN5t-gCVb6sgWXBDgnZJJNIyzVRszqd1yQ0aOfS69-D_9cwXfPo8.s2Bc2Ouj-jWs-amLRzBHLiZb_ppcCZdij10Mh1Vx_n4&dib_tag=se&keywords=data%2Banalyst%2Btshirt&qid=1740950373&sprefix=data%2Banalyst%2Btshirt%2Caps%2C121&sr=8-53&xpid=8-6USGCdPy3cd
That Wasn't Very Data Driven of You Funny Data Analyst Geek T-Shirt,14.99,https://www.amazon.com//That-Wasnt-Very-Data-Analyst/dp/B0DJ996ND4/ref=sr_1_54?crid=M7SWQ9FKTZG9&dib=eyJ2IjoiMSJ9.PM2zhQFx_lfPnddZwr05Dh2kKIJiLMVVwxBIXUeMl_Y8VpgYKh2ElOifFAUbi1_S_kZX4tMl5av4G8H-zhuLG3KN1zXYAwdu-FGlCLTUMLs1zBW-8Zf3WtugvxTIg-eRBHyvhW4LLXwgmSWRYDXgsLQ11-ecKKlgkUE0B7Sxzu2zO2eOLk-3Q0lDSU4b5JN9xiiXJg_wYv41tmK6GBZHIp8IvV4S73vSTB_Jz93dMi2mMa2V4Gg864ifN5t-gCVb6sgWXBDgnZJJNIyzVRszqd1yQ0aOfS69-D_9cwXfPo8.s2Bc2Ouj-jWs-amLRzBHLiZb_ppcCZdij10Mh1Vx_n4&dib_tag=se&keywords=data%2Banalyst%2Btshirt&qid=1740950373&sprefix=data%2Banalyst%2Btshirt%2Caps%2C121&sr=8-54&xpid=8-6USGCdPy3cd
T-Shirt,17.99,https://www.amazon.com//Detective-Analyst-Engineer-Scientist-Miner/dp/B0BX6K49H1/ref=sr_1_55?crid=M7SWQ9FKTZG9&dib=eyJ2IjoiMSJ9.PM2zhQFx_lfPnddZwr05Dh2kKIJiLMVVwxBIXUeMl_Y8VpgYKh2ElOifFAUbi1_S_kZX4tMl5av4G8H-zhuLG3KN1zXYAwdu-FGlCLTUMLs1zBW-8Zf3WtugvxTIg-eRBHyvhW4LLXwgmSWRYDXgsLQ11-ecKKlgkUE0B7Sxzu2zO2eOLk-3Q0lDSU4b5JN9xiiXJg_wYv41tmK6GBZHIp8IvV4S73vSTB_Jz93dMi2mMa2V4Gg864ifN5t-gCVb6sgWXBDgnZJJNIyzVRszqd1yQ0aOfS69-D_9cwXfPo8.s2Bc2Ouj-jWs-amLRzBHLiZb_ppcCZdij10Mh1Vx_n4&dib_tag=se&keywords=data%2Banalyst%2Btshirt&qid=1740950373&sprefix=data%2Banalyst%2Btshirt%2Caps%2C121&sr=8-55&xpid=8-6USGCdPy3cd
Funny Data Analyst Black Humorous Data Driven Classic Fit T-Shirt - Small - Short Sleeve - Unisex-Adults,17.99,https://www.amazon.com//Funny-Data-Analyst-Humorous-Driven/dp/B0DK7VZDKT/ref=sr_1_56?crid=M7SWQ9FKTZG9&dib=eyJ2IjoiMSJ9.PM2zhQFx_lfPnddZwr05Dh2kKIJiLMVVwxBIXUeMl_Y8VpgYKh2ElOifFAUbi1_S_kZX4tMl5av4G8H-zhuLG3KN1zXYAwdu-FGlCLTUMLs1zBW-8Zf3WtugvxTIg-eRBHyvhW4LLXwgmSWRYDXgsLQ11-ecKKlgkUE0B7Sxzu2zO2eOLk-3Q0lDSU4b5JN9xiiXJg_wYv41tmK6GBZHIp8IvV4S73vSTB_Jz93dMi2mMa2V4Gg864ifN5t-gCVb6sgWXBDgnZJJNIyzVRszqd1yQ0aOfS69-D_9cwXfPo8.s2Bc2Ouj-jWs-amLRzBHLiZb_ppcCZdij10Mh1Vx_n4&dib_tag=se&keywords=data%2Banalyst%2Btshirt&qid=1740950373&sprefix=data%2Banalyst%2Btshirt%2Caps%2C121&sr=8-56&xpid=8-6USGCdPy3cd
Data or It Didn't Happen Funny Science Data Analyst T-Shirt,13.99,https://www.amazon.com//Data-Didnt-Happen-Science-Analyst/dp/B0CSF96FH8/ref=sr_1_57?crid=M7SWQ9FKTZG9&dib=eyJ2IjoiMSJ9.PM2zhQFx_lfPnddZwr05Dh2kKIJiLMVVwxBIXUeMl_Y8VpgYKh2ElOifFAUbi1_S_kZX4tMl5av4G8H-zhuLG3KN1zXYAwdu-FGlCLTUMLs1zBW-8Zf3WtugvxTIg-eRBHyvhW4LLXwgmSWRYDXgsLQ11-ecKKlgkUE0B7Sxzu2zO2eOLk-3Q0lDSU4b5JN9xiiXJg_wYv41tmK6GBZHIp8IvV4S73vSTB_Jz93dMi2mMa2V4Gg864ifN5t-gCVb6sgWXBDgnZJJNIyzVRszqd1yQ0aOfS69-D_9cwXfPo8.s2Bc2Ouj-jWs-amLRzBHLiZb_ppcCZdij10Mh1Vx_n4&dib_tag=se&keywords=data%2Banalyst%2Btshirt&qid=1740950373&sprefix=data%2Banalyst%2Btshirt%2Caps%2C121&sr=8-57&xpid=8-6USGCdPy3cd
Science Data Analysis & Data Analyst Accessories Without Data You're Just Another Person With An Opinion Unisex-Adults Black Small Modern V-Neck T-Shirt,14.95,https://www.amazon.com//Science-Data-Analysis-Analyst-Accessories/dp/B0DKT2YMHT/ref=sr_1_58?crid=M7SWQ9FKTZG9&dib=eyJ2IjoiMSJ9.PM2zhQFx_lfPnddZwr05Dh2kKIJiLMVVwxBIXUeMl_Y8VpgYKh2ElOifFAUbi1_S_kZX4tMl5av4G8H-zhuLG3KN1zXYAwdu-FGlCLTUMLs1zBW-8Zf3WtugvxTIg-eRBHyvhW4LLXwgmSWRYDXgsLQ11-ecKKlgkUE0B7Sxzu2zO2eOLk-3Q0lDSU4b5JN9xiiXJg_wYv41tmK6GBZHIp8IvV4S73vSTB_Jz93dMi2mMa2V4Gg864ifN5t-gCVb6sgWXBDgnZJJNIyzVRszqd1yQ0aOfS69-D_9cwXfPo8.s2Bc2Ouj-jWs-amLRzBHLiZb_ppcCZdij10Mh1Vx_n4&dib_tag=se&keywords=data%2Banalyst%2Btshirt&qid=1740950373&sprefix=data%2Banalyst%2Btshirt%2Caps%2C121&sr=8-58&xpid=8-6USGCdPy3cd
That Wasn't Very Data Driven of You Data Analyst Funny Cat T-Shirt,17.99,https://www.amazon.com//Wasnt-Data-Driven-Analyst-T-Shirt/dp/B0DTZ5Q175/ref=sr_1_59?crid=M7SWQ9FKTZG9&dib=eyJ2IjoiMSJ9.PM2zhQFx_lfPnddZwr05Dh2kKIJiLMVVwxBIXUeMl_Y8VpgYKh2ElOifFAUbi1_S_kZX4tMl5av4G8H-zhuLG3KN1zXYAwdu-FGlCLTUMLs1zBW-8Zf3WtugvxTIg-eRBHyvhW4LLXwgmSWRYDXgsLQ11-ecKKlgkUE0B7Sxzu2zO2eOLk-3Q0lDSU4b5JN9xiiXJg_wYv41tmK6GBZHIp8IvV4S73vSTB_Jz93dMi2mMa2V4Gg864ifN5t-gCVb6sgWXBDgnZJJNIyzVRszqd1yQ0aOfS69-D_9cwXfPo8.s2Bc2Ouj-jWs-amLRzBHLiZb_ppcCZdij10Mh1Vx_n4&dib_tag=se&keywords=data%2Banalyst%2Btshirt&qid=1740950373&sprefix=data%2Banalyst%2Btshirt%2Caps%2C121&sr=8-59&xpid=8-6USGCdPy3cd
That Wasn't Very Data Driven of You Funny scientist analysts T-Shirt,15.99,https://www.amazon.com//Data-Driven-scientist-analysts-T-Shirt/dp/B0DQWRG43C/ref=sr_1_60?crid=M7SWQ9FKTZG9&dib=eyJ2IjoiMSJ9.PM2zhQFx_lfPnddZwr05Dh2kKIJiLMVVwxBIXUeMl_Y8VpgYKh2ElOifFAUbi1_S_kZX4tMl5av4G8H-zhuLG3KN1zXYAwdu-FGlCLTUMLs1zBW-8Zf3WtugvxTIg-eRBHyvhW4LLXwgmSWRYDXgsLQ11-ecKKlgkUE0B7Sxzu2zO2eOLk-3Q0lDSU4b5JN9xiiXJg_wYv41tmK6GBZHIp8IvV4S73vSTB_Jz93dMi2mMa2V4Gg864ifN5t-gCVb6sgWXBDgnZJJNIyzVRszqd1yQ0aOfS69-D_9cwXfPo8.s2Bc2Ouj-jWs-amLRzBHLiZb_ppcCZdij10Mh1Vx_n4&dib_tag=se&keywords=data%2Banalyst%2Btshirt&qid=1740950373&sprefix=data%2Banalyst%2Btshirt%2Caps%2C121&sr=8-60&xpid=8-6USGCdPy3cd
Pi Day T Shirt Kids Mens Graphic Math School Days Novelty Teachers Funny T-Shirt,14.99,https://www.amazon.com//sspa/click?ie=UTF8&spc=MTo3NTUwNDAzODc5MTgxNDI3OjE3NDA5NTAzNzM6c3Bfc2VhcmNoX3RoZW1hdGljX2J0ZjoyMDAwMzIxNzA3Njg2ODE6OjA6Og&url=%2FDelicious-Sarcastic-Humor-Funny-Graphic%2Fdp%2FB00NMFDQ2O%2Fref%3Dsxbs_pa_sp_search_thematic_btf_sspa%3Fcontent-id%3Damzn1.sym.aef7a50a-dcf1-4234-b1e5-edf92978a40f%253Aamzn1.sym.aef7a50a-dcf1-4234-b1e5-edf92978a40f%26crid%3DM7SWQ9FKTZG9%26cv_ct_cx%3Ddata%252Banalyst%252Btshirt%26keywords%3Ddata%252Banalyst%252Btshirt%26pd_rd_i%3DB00NMFDQ2O%26pd_rd_r%3D58ccdbf0-2507-4fb6-9a56-fde9d8be5e97%26pd_rd_w%3DCTF05%26pd_rd_wg%3D1UTL6%26pf_rd_p%3Daef7a50a-dcf1-4234-b1e5-edf92978a40f%26pf_rd_r%3DZK22065X185ZYKGEDXQS%26qid%3D1740950373%26sbo%3DRZvfv%252F%252FHxDF%252BO5021pAnSA%253D%253D%26sprefix%3Ddata%252Banalyst%252Btshirt%252Caps%252C121%26sr%3D1-1-b4f23351-3f4d-45d4-9f01-ee5191fb028d-spons%26xpid%3D8-6USGCdPy3cd%26sp_csd%3Dd2lkZ2V0TmFtZT1zcF9zZWFyY2hfdGhlbWF0aWNfYnRm%26psc%3D1
Star Wars Wrong Droids Funny Comic Disney+ T-Shirt,22.99,https://www.amazon.com//sspa/click?ie=UTF8&spc=MTo3NTUwNDAzODc5MTgxNDI3OjE3NDA5NTAzNzM6c3Bfc2VhcmNoX3RoZW1hdGljX2J0ZjoyMDAwNDEyODI0NTY5OTg6OjE6Og&url=%2FStar-Wars-Droids-Graphic-T-Shirt%2Fdp%2FB07KVJG144%2Fref%3Dsxbs_pa_sp_search_thematic_btf_sspa%3Fcontent-id%3Damzn1.sym.aef7a50a-dcf1-4234-b1e5-edf92978a40f%253Aamzn1.sym.aef7a50a-dcf1-4234-b1e5-edf92978a40f%26crid%3DM7SWQ9FKTZG9%26cv_ct_cx%3Ddata%252Banalyst%252Btshirt%26keywords%3Ddata%252Banalyst%252Btshirt%26pd_rd_i%3DB07KVJG144%26pd_rd_r%3D58ccdbf0-2507-4fb6-9a56-fde9d8be5e97%26pd_rd_w%3DCTF05%26pd_rd_wg%3D1UTL6%26pf_rd_p%3Daef7a50a-dcf1-4234-b1e5-edf92978a40f%26pf_rd_r%3DZK22065X185ZYKGEDXQS%26qid%3D1740950373%26sbo%3DRZvfv%252F%252FHxDF%252BO5021pAnSA%253D%253D%26sprefix%3Ddata%252Banalyst%252Btshirt%252Caps%252C121%26sr%3D1-2-b4f23351-3f4d-45d4-9f01-ee5191fb028d-spons%26xpid%3D8-6USGCdPy3cd%26sp_csd%3Dd2lkZ2V0TmFtZT1zcF9zZWFyY2hfdGhlbWF0aWNfYnRm%26psc%3D1
Mens Name The Triangles Funny Math T Shirt Sarcasm Novelty I Love Math Graphic,14.99,https://www.amazon.com//sspa/click?ie=UTF8&spc=MTo3NTUwNDAzODc5MTgxNDI3OjE3NDA5NTAzNzM6c3Bfc2VhcmNoX3RoZW1hdGljX2J0ZjozMDAzMDI2MTUxMDM0MDI6OjI6Og&url=%2FTriangles-Funny-Shirts-Sarcasm-Novelty%2Fdp%2FB00HWYQ28Q%2Fref%3Dsxbs_pa_sp_search_thematic_btf_sspa%3Fcontent-id%3Damzn1.sym.aef7a50a-dcf1-4234-b1e5-edf92978a40f%253Aamzn1.sym.aef7a50a-dcf1-4234-b1e5-edf92978a40f%26crid%3DM7SWQ9FKTZG9%26cv_ct_cx%3Ddata%252Banalyst%252Btshirt%26keywords%3Ddata%252Banalyst%252Btshirt%26pd_rd_i%3DB00HWYQ28Q%26pd_rd_r%3D58ccdbf0-2507-4fb6-9a56-fde9d8be5e97%26pd_rd_w%3DCTF05%26pd_rd_wg%3D1UTL6%26pf_rd_p%3Daef7a50a-dcf1-4234-b1e5-edf92978a40f%26pf_rd_r%3DZK22065X185ZYKGEDXQS%26qid%3D1740950373%26sbo%3DRZvfv%252F%252FHxDF%252BO5021pAnSA%253D%253D%26sprefix%3Ddata%252Banalyst%252Btshirt%252Caps%252C121%26sr%3D1-3-b4f23351-3f4d-45d4-9f01-ee5191fb028d-spons%26xpid%3D8-6USGCdPy3cd%26sp_csd%3Dd2lkZ2V0TmFtZT1zcF9zZWFyY2hfdGhlbWF0aWNfYnRm%26psc%3D1
You're Pointless Geometric Shapes Novelty Funny Abstract Design T Shirt,14.99,https://www.amazon.com//sspa/click?ie=UTF8&spc=MTo3NTUwNDAzODc5MTgxNDI3OjE3NDA5NTAzNzM6c3Bfc2VhcmNoX3RoZW1hdGljX2J0ZjoyMDAwMjMzMzA3Njc3ODE6OjM6Og&url=%2FYoure-Pointless-Funny-Sarcastic-Shirt%2Fdp%2FB012XY8KI4%2Fref%3Dsxbs_pa_sp_search_thematic_btf_sspa%3Fcontent-id%3Damzn1.sym.aef7a50a-dcf1-4234-b1e5-edf92978a40f%253Aamzn1.sym.aef7a50a-dcf1-4234-b1e5-edf92978a40f%26crid%3DM7SWQ9FKTZG9%26cv_ct_cx%3Ddata%252Banalyst%252Btshirt%26keywords%3Ddata%252Banalyst%252Btshirt%26pd_rd_i%3DB012XY8KI4%26pd_rd_r%3D58ccdbf0-2507-4fb6-9a56-fde9d8be5e97%26pd_rd_w%3DCTF05%26pd_rd_wg%3D1UTL6%26pf_rd_p%3Daef7a50a-dcf1-4234-b1e5-edf92978a40f%26pf_rd_r%3DZK22065X185ZYKGEDXQS%26qid%3D1740950373%26sbo%3DRZvfv%252F%252FHxDF%252BO5021pAnSA%253D%253D%26sprefix%3Ddata%252Banalyst%252Btshirt%252Caps%252C121%26sr%3D1-4-b4f23351-3f4d-45d4-9f01-ee5191fb028d-spons%26xpid%3D8-6USGCdPy3cd%26sp_csd%3Dd2lkZ2V0TmFtZT1zcF9zZWFyY2hfdGhlbWF0aWNfYnRm%26psc%3D1
Never Forget Mens Cassette Tape VHS Gamer Old School Mens Very Funny T Shirt,14.99,https://www.amazon.com//sspa/click?ie=UTF8&spc=MTo3NTUwNDAzODc5MTgxNDI3OjE3NDA5NTAzNzM6c3Bfc2VhcmNoX3RoZW1hdGljX2J0ZjoyMDAwMTYyODMzMDU5ODE6OjQ6Og&url=%2FNever-Forget-Funny-Novelty-Charcoal%2Fdp%2FB00NMFDE3K%2Fref%3Dsxbs_pa_sp_search_thematic_btf_sspa%3Fcontent-id%3Damzn1.sym.aef7a50a-dcf1-4234-b1e5-edf92978a40f%253Aamzn1.sym.aef7a50a-dcf1-4234-b1e5-edf92978a40f%26crid%3DM7SWQ9FKTZG9%26cv_ct_cx%3Ddata%252Banalyst%252Btshirt%26keywords%3Ddata%252Banalyst%252Btshirt%26pd_rd_i%3DB00NMFDE3K%26pd_rd_r%3D58ccdbf0-2507-4fb6-9a56-fde9d8be5e97%26pd_rd_w%3DCTF05%26pd_rd_wg%3D1UTL6%26pf_rd_p%3Daef7a50a-dcf1-4234-b1e5-edf92978a40f%26pf_rd_r%3DZK22065X185ZYKGEDXQS%26qid%3D1740950373%26sbo%3DRZvfv%252F%252FHxDF%252BO5021pAnSA%253D%253D%26sprefix%3Ddata%252Banalyst%252Btshirt%252Caps%252C121%26sr%3D1-5-b4f23351-3f4d-45d4-9f01-ee5191fb028d-spons%26xpid%3D8-6USGCdPy3cd%26sp_csd%3Dd2lkZ2V0TmFtZT1zcF9zZWFyY2hfdGhlbWF0aWNfYnRm%26psc%3D1
